-- MySQL dump 10.13  Distrib 8.0.42, for Win64 (x86_64)
--
-- Host: localhost    Database: beverage_db
-- ------------------------------------------------------
-- Server version	8.0.42

/*!40101 SET @OLD_CHARACTER_SET_CLIENT=@@CHARACTER_SET_CLIENT */;
/*!40101 SET @OLD_CHARACTER_SET_RESULTS=@@CHARACTER_SET_RESULTS */;
/*!40101 SET @OLD_COLLATION_CONNECTION=@@COLLATION_CONNECTION */;
/*!50503 SET NAMES utf8mb4 */;
/*!40103 SET @OLD_TIME_ZONE=@@TIME_ZONE */;
/*!40103 SET TIME_ZONE='+00:00' */;
/*!40014 SET @OLD_UNIQUE_CHECKS=@@UNIQUE_CHECKS, UNIQUE_CHECKS=0 */;
/*!40014 SET @OLD_FOREIGN_KEY_CHECKS=@@FOREIGN_KEY_CHECKS, FOREIGN_KEY_CHECKS=0 */;
/*!40101 SET @OLD_SQL_MODE=@@SQL_MODE, SQL_MODE='NO_AUTO_VALUE_ON_ZERO' */;
/*!40111 SET @OLD_SQL_NOTES=@@SQL_NOTES, SQL_NOTES=0 */;

--
-- Table structure for table `alembic_version`
--

DROP TABLE IF EXISTS `alembic_version`;
/*!40101 SET @saved_cs_client     = @@character_set_client */;
/*!50503 SET character_set_client = utf8mb4 */;
CREATE TABLE `alembic_version` (
  `version_num` varchar(32) COLLATE utf8mb4_unicode_ci NOT NULL,
  PRIMARY KEY (`version_num`)
) ENGINE=InnoDB DEFAULT CHARSET=utf8mb4 COLLATE=utf8mb4_unicode_ci;
/*!40101 SET character_set_client = @saved_cs_client */;

--
-- Dumping data for table `alembic_version`
--

LOCK TABLES `alembic_version` WRITE;
/*!40000 ALTER TABLE `alembic_version` DISABLE KEYS */;
INSERT INTO `alembic_version` VALUES ('e34f61ace542');
/*!40000 ALTER TABLE `alembic_version` ENABLE KEYS */;
UNLOCK TABLES;

--
-- Table structure for table `order_items`
--

DROP TABLE IF EXISTS `order_items`;
/*!40101 SET @saved_cs_client     = @@character_set_client */;
/*!50503 SET character_set_client = utf8mb4 */;
CREATE TABLE `order_items` (
  `id` int NOT NULL AUTO_INCREMENT,
  `order_id` int NOT NULL,
  `product_id` int NOT NULL,
  `product_name` varchar(100) COLLATE utf8mb4_unicode_ci NOT NULL,
  `quantity` int NOT NULL,
  `actual_unit_price` decimal(10,2) NOT NULL,
  `item_amount` decimal(10,2) NOT NULL,
  `item_gifting_cost` decimal(10,2) NOT NULL,
  PRIMARY KEY (`id`),
  KEY `order_id` (`order_id`),
  KEY `product_id` (`product_id`),
  CONSTRAINT `order_items_ibfk_1` FOREIGN KEY (`order_id`) REFERENCES `orders` (`id`),
  CONSTRAINT `order_items_ibfk_2` FOREIGN KEY (`product_id`) REFERENCES `products` (`id`)
) ENGINE=InnoDB AUTO_INCREMENT=1319 DEFAULT CHARSET=utf8mb4 COLLATE=utf8mb4_unicode_ci;
/*!40101 SET character_set_client = @saved_cs_client */;

--
-- Dumping data for table `order_items`
--

LOCK TABLES `order_items` WRITE;
/*!40000 ALTER TABLE `order_items` DISABLE KEYS */;
INSERT INTO `order_items` VALUES (6,5,40,'500阿萨姆',2,44.50,89.00,3.00),(7,5,50,'青提茉莉',1,44.50,44.50,1.50),(8,5,49,'茉莉奶绿',2,44.50,89.00,3.00),(9,5,15,'1L青梅绿茶',1,24.00,24.00,2.00),(10,5,29,'1L冰糖雪梨',1,24.00,24.00,2.00),(11,5,6,'1L红茶',1,24.00,24.00,2.00),(12,5,19,'1L双萃',1,24.00,24.00,2.00),(13,5,27,'1L酸梅汤',1,24.00,24.00,2.00),(14,5,34,'1L水晶葡萄',1,24.00,24.00,2.00),(15,5,33,'1L蜜桃多',1,24.00,24.00,2.00),(16,5,36,'1L海之言柠檬',1,35.00,35.00,1.00),(17,5,12,'900/1L春拂绿茶',1,35.00,35.00,1.00),(18,5,41,'1.5L阿萨姆奶茶',1,52.00,52.00,2.00),(19,6,52,'白桃观音',1,45.00,45.00,1.00),(20,6,56,'500海之言西柚',1,44.00,44.00,1.00),(21,6,7,'1L绿茶',1,24.00,24.00,2.00),(22,6,6,'1L红茶',1,24.00,24.00,2.00),(23,6,24,'1L金桔柠檬',1,24.00,24.00,2.00),(24,6,15,'1L青梅绿茶',1,24.00,24.00,2.00),(25,6,29,'1L冰糖雪梨',1,24.00,24.00,2.00),(26,6,27,'1L酸梅汤',1,24.00,24.00,2.00),(27,6,36,'1L海之言柠檬',1,35.00,35.00,1.00),(28,7,40,'500阿萨姆',1,44.50,44.50,1.50),(29,7,52,'白桃观音',1,44.50,44.50,1.50),(30,7,10,'500春拂绿茶',1,43.00,43.00,0.00),(31,7,4,'500冰红茶',1,31.00,31.00,2.00),(32,7,30,'450鲜橙多',1,36.00,36.00,1.00),(33,7,7,'1L绿茶',1,24.00,24.00,2.00),(34,7,21,'1L茉莉蜜茶',1,24.00,24.00,2.00),(35,7,34,'1L水晶葡萄',1,24.00,24.00,2.00),(36,7,27,'1L酸梅汤',1,24.00,24.00,2.00),(37,7,24,'1L金桔柠檬',1,24.00,24.00,2.00),(38,7,41,'1.5L阿萨姆奶茶',1,52.00,52.00,2.00),(39,7,31,'2L鲜橙多',1,43.00,43.00,2.00),(40,8,40,'500阿萨姆',2,44.50,89.00,3.00),(41,8,50,'青提茉莉',1,44.50,44.50,1.50),(42,8,49,'茉莉奶绿',2,44.50,89.00,3.00),(43,8,15,'1L青梅绿茶',1,24.00,24.00,2.00),(44,8,29,'1L冰糖雪梨',1,24.00,24.00,2.00),(45,8,6,'1L红茶',1,24.00,24.00,2.00),(46,8,19,'1L双萃',1,24.00,24.00,2.00),(47,8,27,'1L酸梅汤',1,24.00,24.00,2.00),(48,8,34,'1L水晶葡萄',1,24.00,24.00,2.00),(49,8,33,'1L蜜桃多',1,24.00,24.00,2.00),(50,8,36,'1L海之言柠檬',1,35.00,35.00,1.00),(51,8,12,'900/1L春拂绿茶',1,35.00,35.00,1.00),(52,8,41,'1.5L阿萨姆奶茶',1,52.00,52.00,2.00),(53,9,24,'1L金桔柠檬',2,24.00,48.00,4.00),(54,9,47,'1L焕神',2,34.00,68.00,4.00),(55,9,34,'1L水晶葡萄',2,24.00,48.00,4.00),(56,9,35,'500海之言柠檬',1,44.00,44.00,1.00),(57,9,40,'500阿萨姆',2,44.00,88.00,4.00),(58,10,6,'1L红茶',4,24.00,96.00,8.00),(59,10,47,'1L焕神',2,34.00,68.00,4.00),(60,10,35,'500海之言柠檬',1,44.00,44.00,1.00),(61,10,40,'500阿萨姆',2,44.00,88.00,4.00),(62,10,29,'1L冰糖雪梨',1,24.00,24.00,2.00),(83,15,40,'500阿萨姆',3,44.00,132.00,6.00),(84,15,30,'450鲜橙多',1,35.00,35.00,2.00),(85,15,47,'1L焕神',2,34.00,68.00,4.00),(89,17,23,'500金桔柠檬',1,31.00,31.00,2.00),(90,17,5,'500绿茶',1,31.00,31.00,2.00),(91,17,47,'1L焕神',2,34.00,68.00,4.00),(92,17,30,'450鲜橙多',1,35.00,35.00,2.00),(93,18,35,'500海之言柠檬',1,44.00,44.00,1.00),(94,18,49,'茉莉奶绿',1,44.00,44.00,2.00),(95,19,15,'1L青梅绿茶',3,24.00,72.00,6.00),(96,19,27,'1L酸梅汤',1,24.00,24.00,2.00),(97,19,19,'1L双萃',2,24.00,48.00,4.00),(98,20,5,'500绿茶',1,31.50,31.50,1.50),(99,20,7,'1L绿茶',2,24.00,48.00,4.00),(100,20,24,'1L金桔柠檬',1,24.00,24.00,2.00),(101,20,33,'1L蜜桃多',1,24.00,24.00,2.00),(102,20,37,'900海之言西柚',1,35.00,35.00,1.00),(103,20,31,'2L鲜橙多',1,43.00,43.00,2.00),(104,21,40,'500阿萨姆',3,45.00,135.00,3.00),(105,21,5,'500绿茶',1,31.50,31.50,1.50),(106,21,24,'1L金桔柠檬',1,24.00,24.00,2.00),(107,21,21,'1L茉莉蜜茶',1,24.00,24.00,2.00),(108,21,6,'1L红茶',2,24.00,48.00,4.00),(109,21,29,'1L冰糖雪梨',1,24.00,24.00,2.00),(110,21,27,'1L酸梅汤',1,24.00,24.00,2.00),(111,21,33,'1L蜜桃多',1,24.00,24.00,2.00),(112,21,47,'1L焕神',2,35.00,70.00,2.00),(113,22,38,'1L柠檬水',1,24.00,24.00,2.00),(114,22,6,'1L红茶',1,24.00,24.00,2.00),(115,23,24,'1L金桔柠檬',2,24.00,48.00,4.00),(143,27,40,'500阿萨姆',2,44.50,89.00,3.00),(144,27,30,'450鲜橙多',1,36.00,36.00,1.00),(145,27,5,'500绿茶',1,31.50,31.50,1.50),(146,27,35,'500海之言柠檬',1,44.00,44.00,1.00),(147,27,19,'1L双萃',1,24.00,24.00,2.00),(148,27,21,'1L茉莉蜜茶',1,24.00,24.00,2.00),(149,27,36,'1L海之言柠檬',1,35.00,35.00,1.00),(150,27,47,'1L焕神',10,35.00,350.00,10.00),(151,27,12,'900/1L春拂绿茶',2,35.00,70.00,2.00),(152,27,13,'900/1L春拂焙茶',2,35.00,70.00,2.00),(153,27,32,'罐鲜橙多',1,38.00,38.00,2.00),(172,30,40,'500阿萨姆',6,46.00,276.00,0.00),(173,30,50,'青提茉莉',1,46.00,46.00,0.00),(174,30,52,'白桃观音',1,46.00,46.00,0.00),(175,30,35,'500海之言柠檬',2,45.00,90.00,0.00),(176,30,30,'450鲜橙多',1,37.00,37.00,0.00),(177,30,23,'500金桔柠檬',1,33.00,33.00,0.00),(178,30,5,'500绿茶',3,33.00,99.00,0.00),(179,30,24,'1L金桔柠檬',3,26.00,78.00,0.00),(180,30,7,'1L绿茶',5,26.00,130.00,0.00),(181,30,6,'1L冰红茶',3,26.00,78.00,0.00),(182,30,27,'1L酸梅汤',3,26.00,78.00,0.00),(183,30,47,'1L焕神',4,36.00,144.00,0.00),(184,30,31,'2L鲜橙多',1,45.00,45.00,0.00),(185,31,40,'500阿萨姆',5,44.00,220.00,10.00),(186,31,6,'1L冰红茶',1,24.00,24.00,2.00),(187,31,7,'1L绿茶',1,24.00,24.00,2.00),(188,31,24,'1L金桔柠檬',1,24.00,24.00,2.00),(189,32,40,'500阿萨姆',1,44.50,44.50,1.50),(190,32,5,'500绿茶',1,31.50,31.50,1.50),(191,32,30,'450鲜橙多',1,36.00,36.00,1.00),(192,32,33,'1L蜜桃多',1,24.00,24.00,2.00),(193,32,27,'1L酸梅汤',1,24.00,24.00,2.00),(194,32,29,'1L冰糖雪梨',1,24.00,24.00,2.00),(195,32,6,'1L冰红茶',2,24.00,48.00,4.00),(196,32,21,'1L茉莉蜜茶',1,24.00,24.00,2.00),(197,32,7,'1L绿茶',2,24.00,48.00,4.00),(198,32,41,'1.5L阿萨姆奶茶',1,52.00,52.00,2.00),(199,33,40,'500阿萨姆',3,44.50,133.50,4.50),(200,33,34,'1L水晶葡萄',1,24.00,24.00,2.00),(201,33,24,'1L金桔柠檬',1,24.00,24.00,2.00),(202,33,29,'1L冰糖雪梨',1,24.00,24.00,2.00),(203,33,21,'1L茉莉蜜茶',1,24.00,24.00,2.00),(204,33,41,'1.5L阿萨姆奶茶',1,52.00,52.00,2.00),(205,34,52,'白桃观音',1,44.50,44.50,1.50),(206,34,36,'1L海之言柠檬',1,35.00,35.00,1.00),(207,34,37,'900海之言西柚',1,35.00,35.00,1.00),(208,34,7,'1L绿茶',1,24.00,24.00,2.00),(209,34,21,'1L茉莉蜜茶',1,24.00,24.00,2.00),(210,34,47,'1L焕神',2,35.00,70.00,2.00),(211,35,40,'500阿萨姆',1,45.00,45.00,1.00),(212,35,6,'1L冰红茶',2,24.00,48.00,4.00),(213,36,40,'500阿萨姆',2,44.00,88.00,4.00),(214,36,30,'450鲜橙多',1,36.00,36.00,1.00),(215,36,7,'1L绿茶',2,24.00,48.00,4.00),(216,36,19,'1L双萃',1,24.00,24.00,2.00),(217,37,40,'500阿萨姆',5,44.50,222.50,7.50),(218,38,40,'500阿萨姆',5,44.00,220.00,10.00),(219,38,5,'500绿茶',1,31.50,31.50,1.50),(220,38,35,'500海之言柠檬',1,44.00,44.00,1.00),(221,38,30,'450鲜橙多',1,36.00,36.00,1.00),(222,38,15,'1L青梅绿茶',1,24.00,24.00,2.00),(223,38,24,'1L金桔柠檬',1,24.00,24.00,2.00),(224,38,7,'1L绿茶',1,24.00,24.00,2.00),(225,38,19,'1L双萃',1,24.00,24.00,2.00),(226,38,36,'1L海之言柠檬',1,35.00,35.00,1.00),(227,38,47,'1L焕神',1,35.00,35.00,1.00),(228,38,41,'1.5L阿萨姆奶茶',1,52.00,52.00,2.00),(229,39,40,'500阿萨姆',5,44.00,220.00,10.00),(230,39,23,'500金桔柠檬',1,31.50,31.50,1.50),(231,39,5,'500绿茶',1,31.50,31.50,1.50),(232,39,28,'500冰糖雪梨',1,31.50,31.50,1.50),(233,39,47,'1L焕神',1,35.00,35.00,1.00),(234,39,6,'1L冰红茶',2,24.00,48.00,4.00),(235,39,31,'2L鲜橙多',1,43.00,43.00,2.00),(236,39,41,'1.5L阿萨姆奶茶',1,52.00,52.00,2.00),(237,40,40,'500阿萨姆',1,45.00,45.00,1.00),(238,40,43,'450希蒂大红袍',1,56.00,56.00,1.00),(239,40,5,'500绿茶',1,31.00,31.00,2.00),(240,40,18,'500双萃',1,31.00,31.00,2.00),(241,40,12,'900/1L春拂绿茶',1,36.00,36.00,0.00),(242,40,6,'1L冰红茶',5,24.00,120.00,10.00),(243,40,7,'1L绿茶',1,24.00,24.00,2.00),(244,40,19,'1L双萃',1,24.00,24.00,2.00),(245,40,29,'1L冰糖雪梨',1,24.00,24.00,2.00),(246,40,24,'1L金桔柠檬',1,24.00,24.00,2.00),(247,40,33,'1L蜜桃多',3,24.00,72.00,6.00),(248,40,47,'1L焕神',2,36.00,72.00,0.00),(249,41,19,'1L双萃',1,24.00,24.00,2.00),(250,41,15,'1L青梅绿茶',1,24.00,24.00,2.00),(251,41,36,'1L海之言柠檬',1,35.00,35.00,1.00),(252,42,40,'500阿萨姆',4,46.00,184.00,0.00),(253,42,43,'450希蒂大红袍',1,57.00,57.00,0.00),(254,42,56,'500海之言西柚',1,45.00,45.00,0.00),(255,42,30,'450鲜橙多',1,37.00,37.00,0.00),(256,42,23,'500金桔柠檬',1,33.00,33.00,0.00),(257,42,24,'1L金桔柠檬',1,26.00,26.00,0.00),(258,42,15,'1L青梅绿茶',1,26.00,26.00,0.00),(259,42,29,'1L冰糖雪梨',1,26.00,26.00,0.00),(260,42,33,'1L蜜桃多',1,26.00,26.00,0.00),(261,42,47,'1L焕神',2,36.00,72.00,0.00),(262,42,41,'1.5L阿萨姆奶茶',1,54.00,54.00,0.00),(263,42,8,'2L红茶',1,37.00,37.00,0.00),(264,42,32,'罐鲜橙多',1,40.00,40.00,0.00),(265,43,40,'500阿萨姆',1,45.00,45.00,1.00),(266,43,31,'2L鲜橙多',2,43.00,86.00,4.00),(267,44,4,'500冰红茶',1,31.50,31.50,1.50),(268,44,7,'1L绿茶',1,24.00,24.00,2.00),(269,44,37,'900海之言西柚',1,35.00,35.00,1.00),(270,44,47,'1L焕神',1,35.00,35.00,1.00),(271,44,6,'1L冰红茶',2,24.00,48.00,4.00),(272,44,33,'1L蜜桃多',1,24.00,24.00,2.00),(273,44,34,'1L水晶葡萄',1,24.00,24.00,2.00),(287,47,35,'500海之言柠檬',1,43.00,43.00,2.00),(288,47,14,'500青梅绿茶',1,31.00,31.00,2.00),(289,47,30,'450鲜橙多',1,36.00,36.00,1.00),(290,47,5,'500绿茶',1,31.00,31.00,2.00),(291,47,4,'500冰红茶',1,31.00,31.00,2.00),(292,47,36,'1L海之言柠檬',1,34.00,34.00,2.00),(293,47,24,'1L金桔柠檬',2,24.00,48.00,4.00),(294,47,15,'1L青梅绿茶',2,24.00,48.00,4.00),(295,48,6,'1L冰红茶',1,24.00,24.00,2.00),(296,48,24,'1L金桔柠檬',2,24.00,48.00,4.00),(297,48,27,'1L酸梅汤',1,24.00,24.00,2.00),(298,48,14,'500青梅绿茶',1,31.50,31.50,1.50),(299,48,31,'2L鲜橙多',1,43.00,43.00,2.00),(300,49,36,'1L海之言柠檬',1,35.00,35.00,1.00),(301,49,24,'1L金桔柠檬',1,24.00,24.00,2.00),(302,50,40,'500阿萨姆',1,44.00,44.00,2.00),(303,50,41,'1.5L阿萨姆奶茶',1,52.00,52.00,2.00),(304,51,40,'500阿萨姆',2,45.00,90.00,2.00),(305,51,33,'1L蜜桃多',1,24.00,24.00,2.00),(306,51,6,'1L冰红茶',1,24.00,24.00,2.00),(307,51,24,'1L金桔柠檬',1,24.00,24.00,2.00),(308,51,19,'1L双萃',1,24.00,24.00,2.00),(309,51,21,'1L茉莉蜜茶',1,24.00,24.00,2.00),(310,51,47,'1L焕神',1,35.00,35.00,1.00),(311,51,37,'900海之言西柚',1,35.00,35.00,1.00),(312,51,41,'1.5L阿萨姆奶茶',1,52.00,52.00,2.00),(313,51,8,'2L红茶',1,35.00,35.00,2.00),(314,51,31,'2L鲜橙多',1,43.00,43.00,2.00),(315,52,19,'1L双萃',3,24.00,72.00,6.00),(316,52,24,'1L金桔柠檬',1,24.00,24.00,2.00),(317,52,7,'1L绿茶',2,24.00,48.00,4.00),(318,52,36,'1L海之言柠檬',1,34.00,34.00,2.00),(319,53,47,'1L焕神',2,35.00,70.00,2.00),(320,53,10,'500春拂绿茶',1,43.00,43.00,0.00),(321,53,31,'2L鲜橙多',1,43.00,43.00,2.00),(322,53,35,'500海之言柠檬',2,44.00,88.00,2.00),(323,53,5,'500绿茶',1,31.50,31.50,1.50),(324,53,28,'500冰糖雪梨',1,31.50,31.50,1.50),(325,53,23,'500金桔柠檬',1,31.50,31.50,1.50),(326,53,14,'500青梅绿茶',1,31.50,31.50,1.50),(327,53,7,'1L绿茶',2,24.00,48.00,4.00),(328,53,34,'1L水晶葡萄',2,24.00,48.00,4.00),(329,53,33,'1L蜜桃多',2,24.00,48.00,4.00),(330,53,6,'1L冰红茶',1,24.00,24.00,2.00),(331,53,29,'1L冰糖雪梨',1,24.00,24.00,2.00),(332,53,27,'1L酸梅汤',1,24.00,24.00,2.00),(333,53,26,'500酸梅汤',1,31.50,31.50,1.50),(334,54,40,'500阿萨姆',4,44.50,178.00,6.00),(335,54,29,'1L冰糖雪梨',2,24.00,48.00,4.00),(336,54,6,'1L冰红茶',2,24.00,48.00,4.00),(337,54,21,'1L茉莉蜜茶',2,24.00,48.00,4.00),(338,54,7,'1L绿茶',2,24.00,48.00,4.00),(339,54,34,'1L水晶葡萄',2,24.00,48.00,4.00),(340,54,33,'1L蜜桃多',1,24.00,24.00,2.00),(341,54,24,'1L金桔柠檬',1,24.00,24.00,2.00),(342,54,37,'900海之言西柚',1,35.00,35.00,1.00),(352,56,11,'500春拂焙茶',1,43.00,43.00,0.00),(353,56,30,'450鲜橙多',1,36.00,36.00,1.00),(354,56,4,'500冰红茶',1,31.50,31.50,1.50),(355,56,18,'500双萃',1,31.50,31.50,1.50),(356,56,5,'500绿茶',1,31.50,31.50,1.50),(357,56,15,'1L青梅绿茶',2,24.00,48.00,4.00),(358,56,29,'1L冰糖雪梨',2,24.00,48.00,4.00),(359,56,41,'1.5L阿萨姆奶茶',1,52.00,52.00,2.00),(360,56,31,'2L鲜橙多',1,43.00,43.00,2.00),(361,57,49,'茉莉奶绿',1,44.50,44.50,1.50),(362,57,43,'450希蒂大红袍',1,56.00,56.00,1.00),(363,57,55,'450希蒂玫瑰味',1,56.00,56.00,1.00),(364,57,11,'500春拂焙茶',1,43.00,43.00,0.00),(365,57,10,'500春拂绿茶',1,43.00,43.00,0.00),(366,57,26,'500酸梅汤',1,31.50,31.50,1.50),(367,57,4,'500冰红茶',1,31.50,31.50,1.50),(368,57,20,'500茉莉蜜茶',1,31.50,31.50,1.50),(369,57,18,'500双萃',1,31.50,31.50,1.50),(370,57,24,'1L金桔柠檬',1,24.00,24.00,2.00),(371,57,15,'1L青梅绿茶',1,24.00,24.00,2.00),(372,57,7,'1L绿茶',1,24.00,24.00,2.00),(373,57,19,'1L双萃',1,24.00,24.00,2.00),(374,57,47,'1L焕神',2,35.00,70.00,2.00),(375,57,12,'900/1L春拂绿茶',1,35.00,35.00,1.00),(390,60,40,'500阿萨姆',3,44.50,133.50,4.50),(391,60,19,'1L双萃',2,24.00,48.00,4.00),(392,61,40,'500阿萨姆',5,44.00,220.00,10.00),(393,61,5,'500绿茶',2,31.00,62.00,4.00),(394,61,35,'500海之言柠檬',1,44.00,44.00,1.00),(395,61,34,'1L水晶葡萄',3,24.00,72.00,6.00),(396,61,29,'1L冰糖雪梨',1,24.00,24.00,2.00),(397,61,24,'1L金桔柠檬',1,24.00,24.00,2.00),(398,61,7,'1L绿茶',3,24.00,72.00,6.00),(399,61,6,'1L冰红茶',2,24.00,48.00,4.00),(400,61,15,'1L青梅绿茶',2,24.00,48.00,4.00),(401,61,19,'1L双萃',1,24.00,24.00,2.00),(402,61,36,'1L海之言柠檬',1,35.00,35.00,1.00),(403,61,47,'1L焕神',1,35.00,35.00,1.00),(404,62,35,'500海之言柠檬',1,44.00,44.00,1.00),(405,62,36,'1L海之言柠檬',1,35.00,35.00,1.00),(406,62,15,'1L青梅绿茶',1,24.00,24.00,2.00),(407,63,35,'500海之言柠檬',1,44.00,44.00,1.00),(408,63,44,'450ml小茗同学',1,55.00,55.00,2.00),(409,63,14,'500青梅绿茶',1,31.00,31.00,2.00),(410,63,6,'1L冰红茶',1,24.00,24.00,2.00),(411,63,36,'1L海之言柠檬',1,35.00,35.00,1.00),(412,64,24,'1L金桔柠檬',1,24.00,24.00,2.00),(413,64,6,'1L冰红茶',1,24.00,24.00,2.00),(414,65,40,'500阿萨姆',2,45.00,90.00,2.00),(415,65,18,'500双萃',1,31.50,31.50,1.50),(416,65,29,'1L冰糖雪梨',1,24.00,24.00,2.00),(417,65,6,'1L冰红茶',1,24.00,24.00,2.00),(418,65,56,'500海之言西柚',1,44.00,44.00,1.00),(419,65,36,'1L海之言柠檬',1,35.00,35.00,1.00),(420,65,31,'2L鲜橙多',1,43.00,43.00,2.00),(421,66,40,'500阿萨姆',7,45.00,315.00,7.00),(422,66,49,'茉莉奶绿',1,45.00,45.00,1.00),(423,66,35,'500海之言柠檬',1,44.00,44.00,1.00),(424,66,56,'500海之言西柚',1,44.00,44.00,1.00),(425,66,14,'500青梅绿茶',1,31.50,31.50,1.50),(426,66,15,'1L青梅绿茶',1,24.00,24.00,2.00),(427,66,6,'1L冰红茶',1,24.00,24.00,2.00),(428,66,33,'1L蜜桃多',2,24.00,48.00,4.00),(429,66,36,'1L海之言柠檬',1,36.00,36.00,0.00),(430,66,37,'900海之言西柚',2,36.00,72.00,0.00),(431,66,41,'1.5L阿萨姆奶茶',2,52.00,104.00,4.00),(432,66,31,'2L鲜橙多',3,43.00,129.00,6.00),(433,67,5,'500绿茶',1,31.50,31.50,1.50),(434,67,36,'1L海之言柠檬',1,35.00,35.00,1.00),(435,68,12,'900/1L春拂绿茶',1,36.00,36.00,0.00),(436,68,27,'1L酸梅汤',1,24.00,24.00,2.00),(437,68,19,'1L双萃',2,24.00,48.00,4.00),(438,68,47,'1L焕神',5,34.00,170.00,10.00),(439,69,40,'500阿萨姆',2,44.50,89.00,3.00),(440,69,51,'煎茶奶绿',1,44.50,44.50,1.50),(441,69,19,'1L双萃',3,24.00,72.00,6.00),(442,69,6,'1L冰红茶',1,24.00,24.00,2.00),(443,69,24,'1L金桔柠檬',1,24.00,24.00,2.00),(444,69,29,'1L冰糖雪梨',1,24.00,24.00,2.00),(445,69,36,'1L海之言柠檬',1,35.00,35.00,1.00),(446,70,49,'茉莉奶绿',1,45.00,45.00,1.00),(447,70,24,'1L金桔柠檬',2,24.00,48.00,4.00),(448,70,6,'1L冰红茶',2,24.00,48.00,4.00),(449,70,19,'1L双萃',2,24.00,48.00,4.00),(450,70,47,'1L焕神',1,35.00,35.00,1.00),(451,71,40,'500阿萨姆',5,44.00,220.00,10.00),(452,71,49,'茉莉奶绿',1,44.00,44.00,2.00),(453,71,5,'500绿茶',1,31.00,31.00,2.00),(454,71,4,'500冰红茶',1,31.00,31.00,2.00),(455,71,15,'1L青梅绿茶',2,24.00,48.00,4.00),(456,71,21,'1L茉莉蜜茶',1,24.00,24.00,2.00),(457,71,7,'1L绿茶',1,24.00,24.00,2.00),(458,71,19,'1L双萃',1,24.00,24.00,2.00),(459,71,29,'1L冰糖雪梨',1,24.00,24.00,2.00),(460,71,27,'1L酸梅汤',1,24.00,24.00,2.00),(461,71,34,'1L水晶葡萄',1,24.00,24.00,2.00),(462,71,33,'1L蜜桃多',2,24.00,48.00,4.00),(463,71,47,'1L焕神',1,35.00,35.00,1.00),(464,72,49,'茉莉奶绿',1,44.50,44.50,1.50),(465,72,5,'500绿茶',1,31.50,31.50,1.50),(466,72,23,'500金桔柠檬',1,31.50,31.50,1.50),(467,72,10,'500春拂绿茶',1,43.00,43.00,0.00),(468,72,44,'450ml小茗同学',1,56.00,56.00,1.00),(469,72,7,'1L绿茶',2,24.00,48.00,4.00),(470,72,24,'1L金桔柠檬',1,24.00,24.00,2.00),(471,72,33,'1L蜜桃多',1,24.00,24.00,2.00),(472,72,15,'1L青梅绿茶',1,24.00,24.00,2.00),(473,72,6,'1L冰红茶',1,24.00,24.00,2.00),(474,72,19,'1L双萃',1,24.00,24.00,2.00),(475,72,29,'1L冰糖雪梨',1,24.00,24.00,2.00),(476,72,36,'1L海之言柠檬',1,35.00,35.00,1.00),(477,72,47,'1L焕神',1,35.00,35.00,1.00),(478,72,31,'2L鲜橙多',1,43.00,43.00,2.00),(482,74,14,'500青梅绿茶',1,31.50,31.50,1.50),(483,74,7,'1L绿茶',2,24.00,48.00,4.00),(484,74,6,'1L冰红茶',1,24.00,24.00,2.00),(485,74,19,'1L双萃',1,24.00,24.00,2.00),(486,74,36,'1L海之言柠檬',1,35.00,35.00,1.00),(487,75,52,'白桃观音',1,45.00,45.00,1.00),(488,75,24,'1L金桔柠檬',1,24.00,24.00,2.00),(489,75,6,'1L冰红茶',2,24.00,48.00,4.00),(490,75,19,'1L双萃',2,24.00,48.00,4.00),(491,75,34,'1L水晶葡萄',1,24.00,24.00,2.00),(492,75,27,'1L酸梅汤',1,24.00,24.00,2.00),(493,75,47,'1L焕神',1,35.00,35.00,1.00),(494,75,37,'900海之言西柚',1,35.00,35.00,1.00),(495,76,4,'500冰红茶',1,31.50,31.50,1.50),(496,76,36,'1L海之言柠檬',1,35.00,35.00,1.00),(497,76,57,'罐蜜桃多',1,38.00,38.00,2.00),(498,77,49,'茉莉奶绿',1,45.00,45.00,1.00),(499,77,19,'1L双萃',2,24.00,48.00,4.00),(500,77,12,'900/1L春拂绿茶',1,35.00,35.00,1.00),(501,78,41,'1.5L阿萨姆奶茶',2,54.00,108.00,0.00),(502,78,30,'450鲜橙多',1,36.00,36.00,1.00),(503,78,27,'1L酸梅汤',1,24.00,24.00,2.00),(504,78,34,'1L水晶葡萄',1,24.00,24.00,2.00),(505,78,36,'1L海之言柠檬',1,35.00,35.00,1.00),(506,79,43,'450希蒂大红袍',1,56.00,56.00,1.00),(507,79,5,'500绿茶',1,31.50,31.50,1.50),(508,79,7,'1L绿茶',1,24.00,24.00,2.00),(509,79,15,'1L青梅绿茶',1,24.00,24.00,2.00),(510,79,24,'1L金桔柠檬',1,24.00,24.00,2.00),(511,80,7,'1L绿茶',3,24.00,72.00,6.00),(512,80,19,'1L双萃',3,24.00,72.00,6.00),(513,81,40,'500阿萨姆',1,45.00,45.00,1.00),(514,81,49,'茉莉奶绿',1,45.00,45.00,1.00),(515,81,6,'1L冰红茶',1,24.00,24.00,2.00),(516,81,27,'1L酸梅汤',1,24.00,24.00,2.00),(517,81,34,'1L水晶葡萄',1,24.00,24.00,2.00),(518,81,19,'1L双萃',2,24.00,48.00,4.00),(519,81,33,'1L蜜桃多',1,24.00,24.00,2.00),(520,81,29,'1L冰糖雪梨',1,24.00,24.00,2.00),(521,81,7,'1L绿茶',1,24.00,24.00,2.00),(522,81,37,'900海之言西柚',1,35.00,35.00,1.00),(523,81,47,'1L焕神',2,35.00,70.00,2.00),(524,81,8,'2L红茶',1,35.00,35.00,2.00),(525,82,6,'1L冰红茶',1,24.00,24.00,2.00),(526,82,29,'1L冰糖雪梨',1,24.00,24.00,2.00),(527,82,19,'1L双萃',1,24.00,24.00,2.00),(528,83,33,'1L蜜桃多',1,24.00,24.00,2.00),(529,83,27,'1L酸梅汤',1,24.00,24.00,2.00),(530,83,15,'1L青梅绿茶',1,24.00,24.00,2.00),(531,83,12,'900/1L春拂绿茶',1,35.00,35.00,1.00),(532,84,40,'500阿萨姆',1,44.50,44.50,1.50),(533,84,35,'500海之言柠檬',1,44.00,44.00,1.00),(534,84,18,'500双萃',1,31.50,31.50,1.50),(535,84,14,'500青梅绿茶',1,31.50,31.50,1.50),(536,84,33,'1L蜜桃多',1,24.00,24.00,2.00),(537,84,15,'1L青梅绿茶',2,24.00,48.00,4.00),(538,84,24,'1L金桔柠檬',1,24.00,24.00,2.00),(539,84,29,'1L冰糖雪梨',1,24.00,24.00,2.00),(540,84,27,'1L酸梅汤',1,24.00,24.00,2.00),(541,84,19,'1L双萃',10,24.00,240.00,20.00),(542,84,31,'2L鲜橙多',1,43.00,43.00,2.00),(543,85,6,'1L冰红茶',1,24.00,24.00,2.00),(544,85,7,'1L绿茶',2,24.00,48.00,4.00),(545,85,37,'900海之言西柚',1,35.00,35.00,1.00),(546,86,56,'500海之言西柚',1,44.00,44.00,1.00),(547,86,11,'500春拂焙茶',1,43.00,43.00,0.00),(548,86,28,'500冰糖雪梨',1,31.50,31.50,1.50),(549,86,5,'500绿茶',1,31.50,31.50,1.50),(550,86,18,'500双萃',1,31.50,31.50,1.50),(551,86,24,'1L金桔柠檬',1,24.00,24.00,2.00),(552,86,19,'1L双萃',1,24.00,24.00,2.00),(553,86,6,'1L冰红茶',1,24.00,24.00,2.00),(554,86,29,'1L冰糖雪梨',1,24.00,24.00,2.00),(555,86,27,'1L酸梅汤',1,24.00,24.00,2.00),(556,86,33,'1L蜜桃多',1,24.00,24.00,2.00),(557,86,31,'2L鲜橙多',1,43.00,43.00,2.00),(558,87,40,'500阿萨姆',3,44.50,133.50,4.50),(559,87,5,'500绿茶',1,31.50,31.50,1.50),(560,87,49,'茉莉奶绿',1,45.00,45.00,1.00),(561,87,33,'1L蜜桃多',1,24.00,24.00,2.00),(562,87,29,'1L冰糖雪梨',1,24.00,24.00,2.00),(563,87,19,'1L双萃',1,24.00,24.00,2.00),(564,87,15,'1L青梅绿茶',1,24.00,24.00,2.00),(565,87,24,'1L金桔柠檬',1,24.00,24.00,2.00),(566,87,6,'1L冰红茶',1,24.00,24.00,2.00),(567,87,36,'1L海之言柠檬',1,35.00,35.00,1.00),(568,87,41,'1.5L阿萨姆奶茶',1,52.00,52.00,2.00),(569,88,40,'500阿萨姆',2,45.00,90.00,2.00),(570,88,5,'500绿茶',1,31.50,31.50,1.50),(571,88,7,'1L绿茶',2,24.00,48.00,4.00),(572,88,6,'1L冰红茶',1,24.00,24.00,2.00),(573,88,21,'1L茉莉蜜茶',1,24.00,24.00,2.00),(574,88,24,'1L金桔柠檬',1,24.00,24.00,2.00),(575,88,47,'1L焕神',1,35.00,35.00,1.00),(576,88,41,'1.5L阿萨姆奶茶',1,52.00,52.00,2.00),(577,88,16,'罐青梅',1,38.00,38.00,2.00),(578,89,40,'500阿萨姆',2,44.50,89.00,3.00),(579,89,5,'500绿茶',1,31.50,31.50,1.50),(580,89,24,'1L金桔柠檬',1,24.00,24.00,2.00),(581,89,7,'1L绿茶',1,24.00,24.00,2.00),(582,89,6,'1L冰红茶',1,24.00,24.00,2.00),(583,89,19,'1L双萃',1,24.00,24.00,2.00),(584,89,36,'1L海之言柠檬',1,35.00,35.00,1.00),(585,90,40,'500阿萨姆',1,45.00,45.00,1.00),(586,90,49,'茉莉奶绿',1,45.00,45.00,1.00),(587,90,21,'1L茉莉蜜茶',1,24.00,24.00,2.00),(588,90,27,'1L酸梅汤',1,24.00,24.00,2.00),(589,90,19,'1L双萃',1,24.00,24.00,2.00),(590,90,47,'1L焕神',1,35.00,35.00,1.00),(591,91,29,'1L冰糖雪梨',1,24.00,24.00,2.00),(592,91,6,'1L冰红茶',1,24.00,24.00,2.00),(593,91,19,'1L双萃',1,24.00,24.00,2.00),(594,91,32,'罐鲜橙多',1,38.00,38.00,2.00),(595,92,40,'500阿萨姆',3,44.00,132.00,6.00),(596,92,52,'白桃观音',1,44.50,44.50,1.50),(597,92,49,'茉莉奶绿',1,44.50,44.50,1.50),(598,92,44,'450ml小茗同学',1,56.00,56.00,1.00),(599,92,10,'500春拂绿茶',1,43.00,43.00,0.00),(600,92,56,'500海之言西柚',1,44.00,44.00,1.00),(601,92,5,'500绿茶',1,31.50,31.50,1.50),(602,92,7,'1L绿茶',1,24.00,24.00,2.00),(603,92,36,'1L海之言柠檬',1,35.00,35.00,1.00),(604,92,24,'1L金桔柠檬',2,24.00,48.00,4.00),(605,92,34,'1L水晶葡萄',1,24.00,24.00,2.00),(606,93,40,'500阿萨姆',1,45.00,45.00,1.00),(607,93,49,'茉莉奶绿',1,45.00,45.00,1.00),(608,93,35,'500海之言柠檬',2,44.00,88.00,2.00),(609,93,26,'500酸梅汤',1,31.50,31.50,1.50),(610,93,23,'500金桔柠檬',1,31.50,31.50,1.50),(611,93,5,'500绿茶',2,31.50,63.00,3.00),(612,93,24,'1L金桔柠檬',1,24.00,24.00,2.00),(613,93,7,'1L绿茶',2,24.00,48.00,4.00),(614,93,6,'1L冰红茶',1,24.00,24.00,2.00),(615,93,36,'1L海之言柠檬',1,35.00,35.00,1.00),(616,93,37,'900海之言西柚',1,35.00,35.00,1.00),(617,93,47,'1L焕神',2,35.00,70.00,2.00),(618,93,31,'2L鲜橙多',1,43.00,43.00,2.00),(619,94,52,'白桃观音',1,45.00,45.00,1.00),(620,94,24,'1L金桔柠檬',1,24.00,24.00,2.00),(621,94,19,'1L双萃',1,24.00,24.00,2.00),(622,94,21,'1L茉莉蜜茶',1,24.00,24.00,2.00),(623,94,29,'1L冰糖雪梨',1,24.00,24.00,2.00),(624,94,36,'1L海之言柠檬',1,35.00,35.00,1.00),(625,94,37,'900海之言西柚',1,35.00,35.00,1.00),(626,94,9,'2L绿茶',1,35.00,35.00,2.00),(627,95,40,'500阿萨姆',5,44.50,222.50,7.50),(628,95,35,'500海之言柠檬',1,44.00,44.00,1.00),(629,95,28,'500冰糖雪梨',1,31.50,31.50,1.50),(630,95,5,'500绿茶',2,31.50,63.00,3.00),(631,95,14,'500青梅绿茶',1,31.50,31.50,1.50),(632,95,24,'1L金桔柠檬',1,24.00,24.00,2.00),(633,95,15,'1L青梅绿茶',2,24.00,48.00,4.00),(634,95,7,'1L绿茶',2,24.00,48.00,4.00),(635,95,19,'1L双萃',2,24.00,48.00,4.00),(636,95,6,'1L冰红茶',1,24.00,24.00,2.00),(637,95,33,'1L蜜桃多',1,24.00,24.00,2.00),(638,95,36,'1L海之言柠檬',1,35.00,35.00,1.00),(639,95,47,'1L焕神',1,35.00,35.00,1.00),(640,96,24,'1L金桔柠檬',1,24.00,24.00,2.00),(641,96,47,'1L焕神',1,35.00,35.00,1.00),(642,97,24,'1L金桔柠檬',2,24.00,48.00,4.00),(643,97,7,'1L绿茶',1,24.00,24.00,2.00),(644,97,19,'1L双萃',1,24.00,24.00,2.00),(645,98,49,'茉莉奶绿',1,44.50,44.50,1.50),(646,98,24,'1L金桔柠檬',1,24.00,24.00,2.00),(647,98,6,'1L冰红茶',2,24.00,48.00,4.00),(648,99,43,'450希蒂大红袍',1,56.00,56.00,1.00),(649,99,35,'500海之言柠檬',1,44.00,44.00,1.00),(650,99,5,'500绿茶',1,31.50,31.50,1.50),(651,99,4,'500冰红茶',1,31.50,31.50,1.50),(652,99,18,'500双萃',1,31.50,31.50,1.50),(653,99,15,'1L青梅绿茶',1,24.00,24.00,2.00),(654,99,7,'1L绿茶',2,24.00,48.00,4.00),(655,99,19,'1L双萃',1,24.00,24.00,2.00),(656,99,33,'1L蜜桃多',1,24.00,24.00,2.00),(657,99,47,'1L焕神',2,35.00,70.00,2.00),(658,99,41,'1.5L阿萨姆奶茶',1,52.00,52.00,2.00),(659,99,31,'2L鲜橙多',1,43.00,43.00,2.00),(660,100,40,'500阿萨姆',1,45.00,45.00,1.00),(661,100,24,'1L金桔柠檬',1,24.00,24.00,2.00),(662,100,7,'1L绿茶',1,24.00,24.00,2.00),(663,100,34,'1L水晶葡萄',1,24.00,24.00,2.00),(664,100,31,'2L鲜橙多',1,43.00,43.00,2.00),(665,101,49,'茉莉奶绿',2,44.50,89.00,3.00),(666,101,35,'500海之言柠檬',1,44.00,44.00,1.00),(667,101,24,'1L金桔柠檬',1,24.00,24.00,2.00),(668,101,7,'1L绿茶',1,24.00,24.00,2.00),(669,102,40,'500阿萨姆',2,44.50,89.00,3.00),(670,102,49,'茉莉奶绿',1,44.50,44.50,1.50),(671,102,7,'1L绿茶',1,24.00,24.00,2.00),(672,102,34,'1L水晶葡萄',1,24.00,24.00,2.00),(673,102,6,'1L冰红茶',1,24.00,24.00,2.00),(674,102,27,'1L酸梅汤',1,24.00,24.00,2.00),(675,102,47,'1L焕神',1,35.00,35.00,1.00),(676,102,36,'1L海之言柠檬',1,35.00,35.00,1.00),(677,102,31,'2L鲜橙多',1,43.00,43.00,2.00),(678,103,49,'茉莉奶绿',1,45.00,45.00,1.00),(679,103,35,'500海之言柠檬',1,44.00,44.00,1.00),(680,103,7,'1L绿茶',1,24.00,24.00,2.00),(681,103,15,'1L青梅绿茶',1,24.00,24.00,2.00),(682,103,24,'1L金桔柠檬',1,24.00,24.00,2.00),(683,103,34,'1L水晶葡萄',1,24.00,24.00,2.00),(684,103,19,'1L双萃',2,24.00,48.00,4.00),(685,103,47,'1L焕神',2,35.00,70.00,2.00),(686,103,36,'1L海之言柠檬',1,35.00,35.00,1.00),(687,103,31,'2L鲜橙多',1,43.00,43.00,2.00),(688,104,18,'500双萃',1,31.50,31.50,1.50),(689,104,19,'1L双萃',1,24.00,24.00,2.00),(690,105,40,'500阿萨姆',2,44.50,89.00,3.00),(691,105,7,'1L绿茶',2,24.00,48.00,4.00),(692,105,6,'1L冰红茶',1,24.00,24.00,2.00),(693,106,40,'500阿萨姆',1,44.50,44.50,1.50),(694,106,5,'500绿茶',1,31.50,31.50,1.50),(695,106,4,'500冰红茶',1,31.50,31.50,1.50),(696,106,14,'500青梅绿茶',1,31.50,31.50,1.50),(697,106,35,'500海之言柠檬',1,44.00,44.00,1.00),(698,106,44,'450ml小茗同学',1,56.00,56.00,1.00),(699,106,47,'1L焕神',1,35.00,35.00,1.00),(700,106,15,'1L青梅绿茶',1,24.00,24.00,2.00),(701,106,7,'1L绿茶',1,24.00,24.00,2.00),(702,106,24,'1L金桔柠檬',1,24.00,24.00,2.00),(703,106,41,'1.5L阿萨姆奶茶',1,52.00,52.00,2.00),(704,107,55,'450希蒂玫瑰味',1,56.00,56.00,1.00),(705,107,56,'500海之言西柚',1,44.00,44.00,1.00),(706,107,28,'500冰糖雪梨',1,31.50,31.50,1.50),(707,107,10,'500春拂绿茶',1,43.00,43.00,0.00),(708,107,21,'1L茉莉蜜茶',1,24.00,24.00,2.00),(709,107,34,'1L水晶葡萄',1,24.00,24.00,2.00),(710,107,38,'1L柠檬水',1,24.00,24.00,2.00),(711,107,47,'1L焕神',1,35.00,35.00,1.00),(712,107,36,'1L海之言柠檬',1,35.00,35.00,1.00),(713,107,9,'2L绿茶',3,35.00,105.00,6.00),(714,108,40,'500阿萨姆',2,45.00,90.00,2.00),(715,108,34,'1L水晶葡萄',1,24.00,24.00,2.00),(716,108,6,'1L冰红茶',1,24.00,24.00,2.00),(717,108,41,'1.5L阿萨姆奶茶',1,52.00,52.00,2.00),(718,109,50,'青提茉莉',1,44.00,44.00,2.00),(719,109,49,'茉莉奶绿',1,44.00,44.00,2.00),(720,109,54,'岩盐芝士',1,44.00,44.00,2.00),(721,109,7,'1L绿茶',2,24.00,48.00,4.00),(722,110,7,'1L绿茶',2,24.00,48.00,4.00),(723,110,47,'1L焕神',2,34.00,68.00,4.00),(724,110,34,'1L水晶葡萄',2,24.00,48.00,4.00),(725,110,35,'500海之言柠檬',1,44.00,44.00,1.00),(726,110,40,'500阿萨姆',2,44.00,88.00,4.00),(727,111,40,'500阿萨姆',3,45.00,135.00,3.00),(728,111,52,'白桃观音',1,45.00,45.00,1.00),(729,111,49,'茉莉奶绿',1,45.00,45.00,1.00),(730,111,35,'500海之言柠檬',1,44.00,44.00,1.00),(731,111,26,'500酸梅汤',1,31.50,31.50,1.50),(732,111,5,'500绿茶',1,31.50,31.50,1.50),(733,111,14,'500青梅绿茶',1,31.50,31.50,1.50),(734,111,18,'500双萃',1,31.50,31.50,1.50),(735,111,15,'1L青梅绿茶',1,24.00,24.00,2.00),(736,111,21,'1L茉莉蜜茶',1,24.00,24.00,2.00),(737,111,7,'1L绿茶',1,24.00,24.00,2.00),(738,111,19,'1L双萃',1,24.00,24.00,2.00),(739,111,34,'1L水晶葡萄',1,24.00,24.00,2.00),(740,111,36,'1L海之言柠檬',1,36.00,36.00,0.00),(741,111,47,'1L焕神',2,36.00,72.00,0.00),(742,111,31,'2L鲜橙多',1,43.00,43.00,2.00),(743,112,40,'500阿萨姆',1,45.00,45.00,1.00),(744,112,43,'450希蒂大红袍',1,57.00,57.00,0.00),(745,112,49,'茉莉奶绿',1,45.00,45.00,1.00),(746,112,52,'白桃观音',1,45.00,45.00,1.00),(747,112,5,'500绿茶',1,31.50,31.50,1.50),(748,112,23,'500金桔柠檬',1,31.50,31.50,1.50),(749,112,19,'1L双萃',1,24.00,24.00,2.00),(750,113,49,'茉莉奶绿',2,44.50,89.00,3.00),(751,113,43,'450希蒂大红袍',1,55.00,55.00,2.00),(752,114,49,'茉莉奶绿',1,44.50,44.50,1.50),(753,114,19,'1L双萃',1,24.00,24.00,2.00),(754,114,7,'1L绿茶',1,24.00,24.00,2.00),(758,116,40,'500阿萨姆',2,44.50,89.00,3.00),(759,116,56,'500海之言西柚',1,44.00,44.00,1.00),(760,116,10,'500春拂绿茶',1,42.00,42.00,1.00),(761,116,30,'450鲜橙多',1,36.00,36.00,1.00),(762,116,28,'500冰糖雪梨',1,31.00,31.00,2.00),(763,116,5,'500绿茶',1,31.00,31.00,2.00),(764,116,20,'500茉莉蜜茶',1,31.00,31.00,2.00),(765,116,44,'450ml小茗同学',1,56.00,56.00,1.00),(766,116,21,'1L茉莉蜜茶',1,24.00,24.00,2.00),(767,116,7,'1L绿茶',1,24.00,24.00,2.00),(768,116,19,'1L双萃',1,24.00,24.00,2.00),(769,116,6,'1L冰红茶',1,24.00,24.00,2.00),(770,116,27,'1L酸梅汤',1,24.00,24.00,2.00),(771,116,34,'1L水晶葡萄',1,24.00,24.00,2.00),(772,116,12,'900/1L春拂绿茶',2,35.00,70.00,2.00),(773,116,47,'1L焕神',1,35.00,35.00,1.00),(774,116,9,'2L绿茶',1,35.00,35.00,2.00),(775,117,15,'1L青梅绿茶',1,24.00,24.00,2.00),(776,117,19,'1L双萃',1,24.00,24.00,2.00),(777,117,24,'1L金桔柠檬',2,24.00,48.00,4.00),(778,117,47,'1L焕神',1,35.00,35.00,1.00),(779,117,36,'1L海之言柠檬',1,35.00,35.00,1.00),(780,117,49,'茉莉奶绿',1,44.50,44.50,1.50),(781,118,32,'罐鲜橙多',1,38.00,38.00,2.00),(782,118,41,'1.5L阿萨姆奶茶',1,52.00,52.00,2.00),(783,119,40,'500阿萨姆',2,44.50,89.00,3.00),(784,119,50,'青提茉莉',1,44.50,44.50,1.50),(785,119,49,'茉莉奶绿',2,44.50,89.00,3.00),(786,119,15,'1L青梅绿茶',1,24.00,24.00,2.00),(787,119,29,'1L冰糖雪梨',1,24.00,24.00,2.00),(788,119,6,'1L冰红茶',1,24.00,24.00,2.00),(789,119,19,'1L双萃',1,24.00,24.00,2.00),(790,119,27,'1L酸梅汤',1,24.00,24.00,2.00),(791,119,34,'1L水晶葡萄',1,24.00,24.00,2.00),(792,119,33,'1L蜜桃多',1,24.00,24.00,2.00),(793,119,36,'1L海之言柠檬',1,35.00,35.00,1.00),(794,119,12,'900/1L春拂绿茶',1,35.00,35.00,1.00),(795,119,41,'1.5L阿萨姆奶茶',1,52.00,52.00,2.00),(796,120,40,'500阿萨姆',2,44.50,89.00,3.00),(797,120,5,'500绿茶',1,31.00,31.00,2.00),(798,120,7,'1L绿茶',2,24.00,48.00,4.00),(799,120,35,'500海之言柠檬',1,44.00,44.00,1.00),(800,120,36,'1L海之言柠檬',1,35.00,35.00,1.00),(801,120,6,'1L冰红茶',1,24.00,24.00,2.00),(802,120,33,'1L蜜桃多',1,24.00,24.00,2.00),(803,120,27,'1L酸梅汤',1,24.00,24.00,2.00),(804,121,52,'白桃观音',1,45.00,45.00,1.00),(805,121,56,'500海之言西柚',1,44.00,44.00,1.00),(806,121,7,'1L绿茶',1,24.00,24.00,2.00),(807,121,6,'1L冰红茶',1,24.00,24.00,2.00),(808,121,24,'1L金桔柠檬',1,24.00,24.00,2.00),(809,121,15,'1L青梅绿茶',1,24.00,24.00,2.00),(810,121,29,'1L冰糖雪梨',1,24.00,24.00,2.00),(811,121,27,'1L酸梅汤',1,24.00,24.00,2.00),(812,121,36,'1L海之言柠檬',1,35.00,35.00,1.00),(813,122,49,'茉莉奶绿',1,44.50,44.50,1.50),(814,122,34,'1L水晶葡萄',1,24.00,24.00,2.00),(815,122,24,'1L金桔柠檬',1,24.00,24.00,2.00),(816,122,19,'1L双萃',1,24.00,24.00,2.00),(817,122,6,'1L冰红茶',1,24.00,24.00,2.00),(818,122,9,'2L绿茶',1,35.00,35.00,2.00),(819,123,47,'1L焕神',1,35.00,35.00,1.00),(820,123,41,'1.5L阿萨姆奶茶',2,52.00,104.00,4.00),(821,124,40,'500阿萨姆',2,45.00,90.00,2.00),(822,124,50,'青提茉莉',1,45.00,45.00,1.00),(823,124,51,'煎茶奶绿',1,45.00,45.00,1.00),(824,124,49,'茉莉奶绿',1,45.00,45.00,1.00),(825,124,23,'500金桔柠檬',1,31.50,31.50,1.50),(826,124,5,'500绿茶',1,31.50,31.50,1.50),(827,124,18,'500双萃',1,31.50,31.50,1.50),(828,124,19,'1L双萃',1,24.00,24.00,2.00),(829,124,29,'1L冰糖雪梨',1,24.00,24.00,2.00),(830,124,27,'1L酸梅汤',1,24.00,24.00,2.00),(831,124,36,'1L海之言柠檬',1,35.00,35.00,1.00),(832,124,37,'900海之言西柚',1,35.00,35.00,1.00),(833,124,47,'1L焕神',1,35.00,35.00,1.00),(834,125,40,'500阿萨姆',1,44.50,44.50,1.50),(835,125,52,'白桃观音',1,44.50,44.50,1.50),(836,125,10,'500春拂绿茶',1,43.00,43.00,0.00),(837,125,4,'500冰红茶',1,31.00,31.00,2.00),(838,125,30,'450鲜橙多',1,36.00,36.00,1.00),(839,125,7,'1L绿茶',1,24.00,24.00,2.00),(840,125,21,'1L茉莉蜜茶',1,24.00,24.00,2.00),(841,125,34,'1L水晶葡萄',1,24.00,24.00,2.00),(842,125,27,'1L酸梅汤',1,24.00,24.00,2.00),(843,125,24,'1L金桔柠檬',1,24.00,24.00,2.00),(844,125,41,'1.5L阿萨姆奶茶',1,52.00,52.00,2.00),(845,125,31,'2L鲜橙多',1,43.00,43.00,2.00),(846,126,40,'500阿萨姆',2,45.00,90.00,2.00),(847,126,27,'1L酸梅汤',1,24.00,24.00,2.00),(848,126,15,'1L青梅绿茶',1,24.00,24.00,2.00),(849,126,6,'1L冰红茶',1,24.00,24.00,2.00),(850,126,7,'1L绿茶',2,24.00,48.00,4.00),(851,126,31,'2L鲜橙多',1,43.00,43.00,2.00),(852,126,37,'900海之言西柚',1,35.00,35.00,1.00),(853,126,47,'1L焕神',1,35.00,35.00,1.00),(854,126,13,'900/1L春拂焙茶',1,35.00,35.00,1.00),(855,127,30,'450鲜橙多',1,36.00,36.00,1.00),(856,127,24,'1L金桔柠檬',2,24.00,48.00,4.00),(857,127,36,'1L海之言柠檬',1,35.00,35.00,1.00),(858,128,40,'500阿萨姆',2,45.00,90.00,2.00),(859,128,35,'500海之言柠檬',1,44.00,44.00,1.00),(860,128,21,'1L茉莉蜜茶',1,24.00,24.00,2.00),(861,128,7,'1L绿茶',1,24.00,24.00,2.00),(862,128,38,'1L柠檬水',1,24.00,24.00,2.00),(863,128,47,'1L焕神',1,35.00,35.00,1.00),(864,129,30,'450鲜橙多',1,36.00,36.00,1.00),(865,129,24,'1L金桔柠檬',1,24.00,24.00,2.00),(866,129,15,'1L青梅绿茶',1,24.00,24.00,2.00),(867,129,19,'1L双萃',1,24.00,24.00,2.00),(868,129,6,'1L冰红茶',1,24.00,24.00,2.00),(869,129,34,'1L水晶葡萄',1,24.00,24.00,2.00),(870,129,41,'1.5L阿萨姆奶茶',1,52.00,52.00,2.00),(871,130,40,'500阿萨姆',2,45.00,90.00,2.00),(872,130,56,'500海之言西柚',1,44.00,44.00,1.00),(873,130,14,'500青梅绿茶',1,31.50,31.50,1.50),(874,130,27,'1L酸梅汤',1,24.00,24.00,2.00),(875,130,7,'1L绿茶',1,24.00,24.00,2.00),(876,130,19,'1L双萃',1,24.00,24.00,2.00),(877,130,29,'1L冰糖雪梨',1,24.00,24.00,2.00),(878,131,40,'500阿萨姆',2,44.50,89.00,3.00),(879,131,49,'茉莉奶绿',1,44.50,44.50,1.50),(880,131,19,'1L双萃',1,24.00,24.00,2.00),(881,131,7,'1L绿茶',2,24.00,48.00,4.00),(882,132,40,'500阿萨姆',1,44.50,44.50,1.50),(883,132,41,'1.5L阿萨姆奶茶',1,52.00,52.00,2.00),(884,133,40,'500阿萨姆',3,44.00,132.00,6.00),(885,133,24,'1L金桔柠檬',1,24.00,24.00,2.00),(886,133,6,'1L冰红茶',1,24.00,24.00,2.00),(887,133,7,'1L绿茶',2,24.00,48.00,4.00),(888,133,15,'1L青梅绿茶',1,24.00,24.00,2.00),(889,133,29,'1L冰糖雪梨',1,24.00,24.00,2.00),(890,133,10,'500春拂绿茶',1,43.00,43.00,0.00),(891,133,5,'500绿茶',1,31.00,31.00,2.00),(892,133,35,'500海之言柠檬',1,44.00,44.00,1.00),(893,133,18,'500双萃',1,31.00,31.00,2.00),(894,133,30,'450鲜橙多',1,36.00,36.00,1.00),(895,133,43,'450希蒂大红袍',1,56.00,56.00,1.00),(896,133,36,'1L海之言柠檬',1,35.00,35.00,1.00),(897,134,5,'500绿茶',1,31.50,31.50,1.50),(898,134,7,'1L绿茶',1,24.00,24.00,2.00),(899,135,40,'500阿萨姆',2,44.50,89.00,3.00),(900,135,56,'500海之言西柚',1,44.00,44.00,1.00),(901,135,18,'500双萃',1,31.50,31.50,1.50),(902,135,7,'1L绿茶',2,24.00,48.00,4.00),(903,135,27,'1L酸梅汤',1,24.00,24.00,2.00),(904,135,41,'1.5L阿萨姆奶茶',1,52.00,52.00,2.00),(905,136,5,'500绿茶',1,31.50,31.50,1.50),(906,136,24,'1L金桔柠檬',2,24.00,48.00,4.00),(907,136,15,'1L青梅绿茶',1,24.00,24.00,2.00),(908,136,7,'1L绿茶',1,24.00,24.00,2.00),(909,136,29,'1L冰糖雪梨',1,24.00,24.00,2.00),(910,136,27,'1L酸梅汤',1,24.00,24.00,2.00),(911,136,34,'1L水晶葡萄',1,24.00,24.00,2.00),(912,136,13,'900/1L春拂焙茶',1,35.00,35.00,1.00),(913,137,40,'500阿萨姆',3,44.50,133.50,4.50),(914,137,49,'茉莉奶绿',1,44.50,44.50,1.50),(915,137,15,'1L青梅绿茶',1,24.00,24.00,2.00),(916,137,7,'1L绿茶',3,24.00,72.00,6.00),(917,138,11,'500春拂焙茶',1,43.00,43.00,0.00),(918,138,10,'500春拂绿茶',1,43.00,43.00,0.00),(919,138,18,'500双萃',1,31.50,31.50,1.50),(920,138,24,'1L金桔柠檬',1,24.00,24.00,2.00),(921,138,15,'1L青梅绿茶',1,24.00,24.00,2.00),(922,138,7,'1L绿茶',1,24.00,24.00,2.00),(923,138,6,'1L冰红茶',1,24.00,24.00,2.00),(924,138,27,'1L酸梅汤',1,24.00,24.00,2.00),(925,138,34,'1L水晶葡萄',1,24.00,24.00,2.00),(926,138,33,'1L蜜桃多',1,24.00,24.00,2.00),(927,138,12,'900/1L春拂绿茶',1,35.00,35.00,1.00),(928,139,47,'1L焕神',2,34.00,68.00,4.00),(929,140,40,'500阿萨姆',10,44.00,440.00,20.00),(930,140,5,'500绿茶',1,31.00,31.00,2.00),(931,140,7,'1L绿茶',1,24.00,24.00,2.00),(932,140,24,'1L金桔柠檬',1,24.00,24.00,2.00),(933,140,15,'1L青梅绿茶',1,24.00,24.00,2.00),(934,140,27,'1L酸梅汤',1,24.00,24.00,2.00),(935,140,6,'1L冰红茶',1,24.00,24.00,2.00),(936,140,41,'1.5L阿萨姆奶茶',1,52.00,52.00,2.00),(937,140,31,'2L鲜橙多',1,43.00,43.00,2.00),(938,141,41,'1.5L阿萨姆奶茶',2,52.00,104.00,4.00),(939,142,40,'500阿萨姆',2,44.50,89.00,3.00),(940,142,49,'茉莉奶绿',1,44.50,44.50,1.50),(941,142,43,'450希蒂大红袍',1,57.00,57.00,0.00),(942,142,4,'500冰红茶',1,31.50,31.50,1.50),(943,142,14,'500青梅绿茶',1,31.50,31.50,1.50),(944,142,44,'450ml小茗同学',1,56.00,56.00,1.00),(945,142,6,'1L冰红茶',1,24.00,24.00,2.00),(946,142,47,'1L焕神',1,35.00,35.00,1.00),(947,142,12,'900/1L春拂绿茶',1,35.00,35.00,1.00),(948,142,31,'2L鲜橙多',1,43.00,43.00,2.00),(949,143,34,'1L水晶葡萄',1,24.00,24.00,2.00),(950,143,7,'1L绿茶',3,24.00,72.00,6.00),(951,143,21,'1L茉莉蜜茶',1,24.00,24.00,2.00),(952,144,5,'500绿茶',1,31.50,31.50,1.50),(953,144,49,'茉莉奶绿',1,45.00,45.00,1.00),(954,144,43,'450希蒂大红袍',1,56.00,56.00,1.00),(955,144,6,'1L冰红茶',1,24.00,24.00,2.00),(956,144,7,'1L绿茶',1,24.00,24.00,2.00),(957,144,36,'1L海之言柠檬',1,35.00,35.00,1.00),(958,144,41,'1.5L阿萨姆奶茶',1,52.00,52.00,2.00),(959,144,31,'2L鲜橙多',1,43.00,43.00,2.00),(960,145,7,'1L绿茶',1,24.00,24.00,2.00),(961,145,31,'2L鲜橙多',1,43.00,43.00,2.00),(962,146,14,'500青梅绿茶',1,31.50,31.50,1.50),(963,146,7,'1L绿茶',1,24.00,24.00,2.00),(964,146,24,'1L金桔柠檬',1,24.00,24.00,2.00),(965,146,34,'1L水晶葡萄',1,24.00,24.00,2.00),(966,146,36,'1L海之言柠檬',1,35.00,35.00,1.00),(967,146,44,'450ml小茗同学',1,56.00,56.00,1.00),(968,147,5,'500绿茶',1,31.50,31.50,1.50),(969,147,18,'500双萃',1,31.50,31.50,1.50),(970,147,56,'500海之言西柚',1,44.00,44.00,1.00),(971,147,21,'1L茉莉蜜茶',1,24.00,24.00,2.00),(972,147,33,'1L蜜桃多',1,24.00,24.00,2.00),(973,147,6,'1L冰红茶',1,24.00,24.00,2.00),(974,147,41,'1.5L阿萨姆奶茶',1,52.00,52.00,2.00),(975,148,40,'500阿萨姆',2,44.50,89.00,3.00),(976,148,31,'2L鲜橙多',2,43.00,86.00,4.00),(977,148,36,'1L海之言柠檬',1,35.00,35.00,1.00),(978,149,35,'500海之言柠檬',1,44.00,44.00,1.00),(979,149,46,'500焕神',1,45.00,45.00,0.00),(980,149,28,'500冰糖雪梨',1,31.50,31.50,1.50),(981,149,23,'500金桔柠檬',1,31.50,31.50,1.50),(982,149,5,'500绿茶',1,31.50,31.50,1.50),(983,149,14,'500青梅绿茶',1,31.50,31.50,1.50),(984,149,21,'1L茉莉蜜茶',1,24.00,24.00,2.00),(985,149,7,'1L绿茶',2,24.00,48.00,4.00),(986,149,29,'1L冰糖雪梨',1,24.00,24.00,2.00),(987,149,47,'1L焕神',2,35.00,70.00,2.00),(988,149,31,'2L鲜橙多',1,52.00,52.00,0.00),(989,150,40,'500阿萨姆',3,44.50,133.50,4.50),(990,150,24,'1L金桔柠檬',2,24.00,48.00,4.00),(991,150,6,'1L冰红茶',1,24.00,24.00,2.00),(992,151,30,'450鲜橙多',1,36.00,36.00,1.00),(993,151,6,'1L冰红茶',1,24.00,24.00,2.00),(994,151,29,'1L冰糖雪梨',1,24.00,24.00,2.00),(995,151,41,'1.5L阿萨姆奶茶',1,52.00,52.00,2.00),(996,152,43,'450希蒂大红袍',1,56.00,56.00,1.00),(997,152,10,'500春拂绿茶',1,43.00,43.00,0.00),(998,152,30,'450鲜橙多',1,36.00,36.00,1.00),(999,152,14,'500青梅绿茶',1,31.00,31.00,2.00),(1000,152,18,'500双萃',1,31.00,31.00,2.00),(1001,152,15,'1L青梅绿茶',2,24.00,48.00,4.00),(1002,152,7,'1L绿茶',2,24.00,48.00,4.00),(1003,152,36,'1L海之言柠檬',1,35.00,35.00,1.00),(1004,153,40,'500阿萨姆',1,44.00,44.00,2.00),(1005,153,49,'茉莉奶绿',1,44.00,44.00,2.00),(1006,154,47,'1L焕神',2,35.00,70.00,2.00),(1007,155,40,'500阿萨姆',2,44.50,89.00,3.00),(1008,155,15,'1L青梅绿茶',1,24.00,24.00,2.00),(1009,155,21,'1L茉莉蜜茶',1,24.00,24.00,2.00),(1010,155,6,'1L冰红茶',1,24.00,24.00,2.00),(1011,155,27,'1L酸梅汤',1,24.00,24.00,2.00),(1012,155,33,'1L蜜桃多',2,24.00,48.00,4.00),(1013,155,36,'1L海之言柠檬',1,35.00,35.00,1.00),(1014,155,47,'1L焕神',1,35.00,35.00,1.00),(1015,155,41,'1.5L阿萨姆奶茶',1,52.00,52.00,2.00),(1016,156,40,'500阿萨姆',2,44.50,89.00,3.00),(1017,156,49,'茉莉奶绿',1,44.50,44.50,1.50),(1018,156,35,'500海之言柠檬',1,44.00,44.00,1.00),(1019,156,30,'450鲜橙多',1,36.00,36.00,1.00),(1020,156,23,'500金桔柠檬',1,31.00,31.00,2.00),(1021,156,18,'500双萃',1,31.00,31.00,2.00),(1022,156,47,'1L焕神',1,35.00,35.00,1.00),(1023,157,40,'500阿萨姆',5,46.00,230.00,0.00),(1024,157,5,'500绿茶',3,33.00,99.00,0.00),(1025,157,4,'500冰红茶',1,33.00,33.00,0.00),(1026,157,24,'1L金桔柠檬',2,26.00,52.00,0.00),(1027,157,7,'1L绿茶',4,26.00,104.00,0.00),(1028,157,6,'1L冰红茶',3,26.00,78.00,0.00),(1029,157,29,'1L冰糖雪梨',2,26.00,52.00,0.00),(1030,157,27,'1L酸梅汤',1,26.00,26.00,0.00),(1031,157,36,'1L海之言柠檬',2,36.00,72.00,0.00),(1032,157,31,'2L鲜橙多',1,45.00,45.00,0.00),(1033,158,5,'500绿茶',1,31.50,31.50,1.50),(1034,158,7,'1L绿茶',1,24.00,24.00,2.00),(1035,159,10,'500春拂绿茶',1,43.00,43.00,0.00),(1036,159,28,'500冰糖雪梨',1,31.00,31.00,2.00),(1037,159,5,'500绿茶',1,31.00,31.00,2.00),(1038,159,4,'500冰红茶',1,31.00,31.00,2.00),(1039,159,14,'500青梅绿茶',1,31.00,31.00,2.00),(1040,159,15,'1L青梅绿茶',1,24.00,24.00,2.00),(1041,159,21,'1L茉莉蜜茶',1,24.00,24.00,2.00),(1042,159,27,'1L酸梅汤',1,24.00,24.00,2.00),(1043,159,34,'1L水晶葡萄',1,24.00,24.00,2.00),(1044,159,33,'1L蜜桃多',1,24.00,24.00,2.00),(1045,159,41,'1.5L阿萨姆奶茶',1,52.00,52.00,2.00),(1046,160,24,'1L金桔柠檬',2,24.00,48.00,4.00),(1047,160,13,'900/1L春拂焙茶',1,35.00,35.00,1.00),(1048,160,37,'900海之言西柚',1,35.00,35.00,1.00),(1059,162,40,'500阿萨姆',1,45.00,45.00,1.00),(1060,162,49,'茉莉奶绿',1,45.00,45.00,1.00),(1061,162,35,'500海之言柠檬',1,44.00,44.00,1.00),(1062,162,30,'450鲜橙多',1,36.00,36.00,1.00),(1063,162,27,'1L酸梅汤',1,24.00,24.00,2.00),(1064,162,38,'1L柠檬水',1,24.00,24.00,2.00),(1065,162,41,'1.5L阿萨姆奶茶',1,52.00,52.00,2.00),(1066,162,8,'2L红茶',1,35.00,35.00,2.00),(1067,162,9,'2L绿茶',1,35.00,35.00,2.00),(1068,162,32,'罐鲜橙多',1,38.00,38.00,2.00),(1069,163,40,'500阿萨姆',1,44.00,44.00,2.00),(1070,163,49,'茉莉奶绿',1,44.00,44.00,2.00),(1071,163,5,'500绿茶',1,31.50,31.50,1.50),(1072,163,24,'1L金桔柠檬',1,24.00,24.00,2.00),(1073,163,7,'1L绿茶',2,24.00,48.00,4.00),(1074,163,34,'1L水晶葡萄',1,24.00,24.00,2.00),(1075,164,40,'500阿萨姆',1,45.00,45.00,1.00),(1076,164,56,'500海之言西柚',1,44.00,44.00,1.00),(1077,164,30,'450鲜橙多',1,36.00,36.00,1.00),(1078,164,26,'500酸梅汤',1,31.50,31.50,1.50),(1079,164,24,'1L金桔柠檬',1,24.00,24.00,2.00),(1080,164,15,'1L青梅绿茶',1,24.00,24.00,2.00),(1081,164,7,'1L绿茶',2,24.00,48.00,4.00),(1082,164,6,'1L冰红茶',1,24.00,24.00,2.00),(1083,164,29,'1L冰糖雪梨',1,24.00,24.00,2.00),(1084,164,34,'1L水晶葡萄',1,24.00,24.00,2.00),(1085,164,13,'900/1L春拂焙茶',1,24.00,24.00,12.00),(1086,164,12,'900/1L春拂绿茶',1,24.00,24.00,12.00),(1087,164,37,'900海之言西柚',1,35.00,35.00,1.00),(1088,164,47,'1L焕神',1,35.00,35.00,1.00),(1089,164,31,'2L鲜橙多',1,35.00,35.00,10.00),(1090,164,8,'2L红茶',1,35.00,35.00,2.00),(1091,165,11,'500春拂焙茶',1,43.00,43.00,0.00),(1092,165,6,'1L冰红茶',1,24.00,24.00,2.00),(1093,165,33,'1L蜜桃多',1,24.00,24.00,2.00),(1094,165,24,'1L金桔柠檬',1,24.00,24.00,2.00),(1095,165,21,'1L茉莉蜜茶',1,24.00,24.00,2.00),(1096,166,40,'500阿萨姆',3,44.50,133.50,4.50),(1097,166,18,'500双萃',1,31.50,31.50,1.50),(1098,166,27,'1L酸梅汤',1,24.00,24.00,2.00),(1099,166,15,'1L青梅绿茶',1,24.00,24.00,2.00),(1100,166,47,'1L焕神',1,35.00,35.00,1.00),(1101,166,36,'1L海之言柠檬',1,35.00,35.00,1.00),(1102,166,41,'1.5L阿萨姆奶茶',1,52.00,52.00,2.00),(1109,168,51,'煎茶奶绿',1,44.50,44.50,1.50),(1110,168,18,'500双萃',5,31.00,155.00,10.00),(1111,168,44,'450ml小茗同学',1,56.00,56.00,1.00),(1112,168,33,'1L蜜桃多',1,24.00,24.00,2.00),(1113,168,38,'1L柠檬水',1,24.00,24.00,2.00),(1114,168,31,'2L鲜橙多',1,43.00,43.00,2.00),(1115,169,40,'500阿萨姆',5,46.00,230.00,0.00),(1116,169,5,'500绿茶',1,33.00,33.00,0.00),(1117,169,29,'1L冰糖雪梨',1,24.00,24.00,2.00),(1118,169,15,'1L青梅绿茶',1,24.00,24.00,2.00),(1119,169,7,'1L绿茶',2,24.00,48.00,4.00),(1120,169,47,'1L焕神',1,35.00,35.00,1.00),(1121,169,37,'900海之言西柚',1,35.00,35.00,1.00),(1122,169,13,'900/1L春拂焙茶',1,35.00,35.00,1.00),(1123,169,9,'2L绿茶',1,35.00,35.00,2.00),(1124,170,40,'500阿萨姆',1,44.50,44.50,1.50),(1125,170,30,'450鲜橙多',1,36.00,36.00,1.00),(1126,170,18,'500双萃',1,31.50,31.50,1.50),(1127,170,15,'1L青梅绿茶',1,24.00,24.00,2.00),(1128,170,32,'罐鲜橙多',1,38.00,38.00,2.00),(1129,170,47,'1L焕神',1,35.00,35.00,1.00),(1130,170,41,'1.5L阿萨姆奶茶',1,52.00,52.00,2.00),(1131,171,40,'500阿萨姆',2,45.00,90.00,2.00),(1132,171,6,'1L冰红茶',1,24.00,24.00,2.00),(1133,172,23,'500金桔柠檬',1,31.50,31.50,1.50),(1134,172,18,'500双萃',1,31.50,31.50,1.50),(1135,172,24,'1L金桔柠檬',1,24.00,24.00,2.00),(1136,172,7,'1L绿茶',1,24.00,24.00,2.00),(1137,172,27,'1L酸梅汤',1,24.00,24.00,2.00),(1138,172,34,'1L水晶葡萄',1,24.00,24.00,2.00),(1139,172,31,'2L鲜橙多',1,43.00,43.00,2.00),(1140,173,6,'1L冰红茶',1,24.00,24.00,2.00),(1141,173,7,'1L绿茶',1,24.00,24.00,2.00),(1142,173,31,'2L鲜橙多',2,43.00,86.00,4.00),(1143,174,18,'500双萃',1,31.00,31.00,2.00),(1144,174,35,'500海之言柠檬',1,44.00,44.00,1.00),(1145,175,40,'500阿萨姆',1,45.00,45.00,1.00),(1146,175,34,'1L水晶葡萄',1,24.00,24.00,2.00),(1147,175,7,'1L绿茶',1,24.00,24.00,2.00),(1148,175,6,'1L冰红茶',1,24.00,24.00,2.00),(1149,175,27,'1L酸梅汤',1,24.00,24.00,2.00),(1150,175,36,'1L海之言柠檬',1,36.00,36.00,0.00),(1151,176,40,'500阿萨姆',1,45.00,45.00,1.00),(1152,176,10,'500春拂绿茶',1,43.00,43.00,0.00),(1153,176,43,'450希蒂大红袍',1,56.00,56.00,1.00),(1154,176,55,'450希蒂玫瑰味',1,56.00,56.00,1.00),(1155,176,49,'茉莉奶绿',1,45.00,45.00,1.00),(1156,176,33,'1L蜜桃多',1,24.00,24.00,2.00),(1157,176,38,'1L柠檬水',1,24.00,24.00,2.00),(1158,176,34,'1L水晶葡萄',1,24.00,24.00,2.00),(1159,176,47,'1L焕神',1,35.00,35.00,1.00),(1160,176,36,'1L海之言柠檬',1,35.00,35.00,1.00),(1161,177,40,'500阿萨姆',2,44.50,89.00,3.00),(1162,177,56,'500海之言西柚',1,44.00,44.00,1.00),(1163,177,30,'450鲜橙多',1,36.00,36.00,1.00),(1164,177,5,'500绿茶',1,31.50,31.50,1.50),(1165,177,15,'1L青梅绿茶',1,24.00,24.00,2.00),(1166,177,7,'1L绿茶',2,24.00,48.00,4.00),(1167,178,6,'1L冰红茶',1,24.00,24.00,2.00),(1168,178,24,'1L金桔柠檬',1,24.00,24.00,2.00),(1169,178,34,'1L水晶葡萄',1,24.00,24.00,2.00),(1170,179,18,'500双萃',1,31.00,31.00,2.00),(1171,179,6,'1L冰红茶',1,24.00,24.00,2.00),(1172,179,33,'1L蜜桃多',1,24.00,24.00,2.00),(1173,179,47,'1L焕神',1,35.00,35.00,1.00),(1174,180,40,'500阿萨姆',2,44.00,88.00,4.00),(1175,180,10,'500春拂绿茶',1,43.00,43.00,0.00),(1176,180,5,'500绿茶',1,31.00,31.00,2.00),(1177,180,24,'1L金桔柠檬',1,24.00,24.00,2.00),(1178,180,27,'1L酸梅汤',1,24.00,24.00,2.00),(1179,180,34,'1L水晶葡萄',1,24.00,24.00,2.00),(1180,180,41,'1.5L阿萨姆奶茶',1,52.00,52.00,2.00),(1181,180,31,'2L鲜橙多',1,43.00,43.00,2.00),(1182,181,49,'茉莉奶绿',1,44.50,44.50,1.50),(1183,181,28,'500冰糖雪梨',1,31.50,31.50,1.50),(1184,181,6,'1L冰红茶',1,24.00,24.00,2.00),(1185,181,15,'1L青梅绿茶',1,24.00,24.00,2.00),(1186,181,33,'1L蜜桃多',1,24.00,24.00,2.00),(1187,181,27,'1L酸梅汤',1,24.00,24.00,2.00),(1188,181,29,'1L冰糖雪梨',1,24.00,24.00,2.00),(1189,181,41,'1.5L阿萨姆奶茶',1,52.00,52.00,2.00),(1190,181,31,'2L鲜橙多',1,43.00,43.00,2.00),(1191,182,43,'450希蒂大红袍',1,56.00,56.00,1.00),(1192,182,23,'500金桔柠檬',1,31.50,31.50,1.50),(1193,182,30,'450鲜橙多',1,36.00,36.00,1.00),(1194,182,35,'500海之言柠檬',1,44.00,44.00,1.00),(1195,182,29,'1L冰糖雪梨',1,24.00,24.00,2.00),(1196,182,7,'1L绿茶',2,24.00,48.00,4.00),(1197,182,47,'1L焕神',1,35.00,35.00,1.00),(1198,182,36,'1L海之言柠檬',1,35.00,35.00,1.00),(1199,182,41,'1.5L阿萨姆奶茶',2,52.00,104.00,4.00),(1200,182,31,'2L鲜橙多',1,43.00,43.00,2.00),(1201,183,7,'1L绿茶',3,24.00,72.00,6.00),(1202,184,40,'500阿萨姆',2,44.00,88.00,4.00),(1203,184,23,'500金桔柠檬',1,31.00,31.00,2.00),(1204,184,28,'500冰糖雪梨',1,31.00,31.00,2.00),(1205,184,5,'500绿茶',1,31.00,31.00,2.00),(1206,184,6,'1L冰红茶',1,24.00,24.00,2.00),(1207,184,36,'1L海之言柠檬',1,34.00,34.00,2.00),(1208,185,35,'500海之言柠檬',2,44.00,88.00,2.00),(1209,185,56,'500海之言西柚',1,44.00,44.00,1.00),(1210,186,6,'1L冰红茶',1,24.00,24.00,2.00),(1211,186,36,'1L海之言柠檬',1,35.00,35.00,1.00),(1212,186,47,'1L焕神',1,36.00,36.00,0.00),(1213,186,29,'1L冰糖雪梨',1,26.00,26.00,0.00),(1214,186,24,'1L金桔柠檬',1,24.00,24.00,2.00),(1215,186,4,'500冰红茶',1,31.50,31.50,1.50),(1216,186,40,'500阿萨姆',1,45.00,45.00,1.00),(1217,186,28,'500冰糖雪梨',1,31.50,31.50,1.50),(1218,187,30,'450鲜橙多',1,36.00,36.00,1.00),(1219,187,12,'900/1L春拂绿茶',1,35.00,35.00,1.00),(1220,187,7,'1L绿茶',1,24.00,24.00,2.00),(1221,187,15,'1L青梅绿茶',1,24.00,24.00,2.00),(1222,187,21,'1L茉莉蜜茶',1,24.00,24.00,2.00),(1223,187,29,'1L冰糖雪梨',1,24.00,24.00,2.00),(1224,187,34,'1L水晶葡萄',1,24.00,24.00,2.00),(1225,187,31,'2L鲜橙多',1,43.00,43.00,2.00),(1226,188,40,'500阿萨姆',3,44.00,132.00,6.00),(1227,188,36,'1L海之言柠檬',2,35.00,70.00,2.00),(1228,189,40,'500阿萨姆',5,44.00,220.00,10.00),(1229,189,30,'450鲜橙多',1,36.00,36.00,1.00),(1230,189,56,'500海之言西柚',1,44.00,44.00,1.00),(1231,189,7,'1L绿茶',2,24.00,48.00,4.00),(1232,189,24,'1L金桔柠檬',1,24.00,24.00,2.00),(1233,189,36,'1L海之言柠檬',1,36.00,36.00,0.00),(1234,189,47,'1L焕神',1,35.00,35.00,1.00),(1235,189,41,'1.5L阿萨姆奶茶',1,52.00,52.00,2.00),(1236,190,7,'1L绿茶',1,24.00,24.00,2.00),(1237,190,24,'1L金桔柠檬',2,24.00,48.00,4.00),(1238,191,40,'500阿萨姆',1,45.00,45.00,1.00),(1239,191,49,'茉莉奶绿',1,45.00,45.00,1.00),(1240,191,35,'500海之言柠檬',1,44.00,44.00,1.00),(1241,191,6,'1L冰红茶',4,24.00,96.00,8.00),(1242,191,7,'1L绿茶',2,24.00,48.00,4.00),(1243,191,24,'1L金桔柠檬',1,24.00,24.00,2.00),(1244,191,47,'1L焕神',1,35.00,35.00,1.00),(1245,192,40,'500阿萨姆',2,44.00,88.00,4.00),(1246,192,7,'1L绿茶',2,24.00,48.00,4.00),(1247,193,40,'500阿萨姆',4,44.50,178.00,6.00),(1248,193,52,'白桃观音',1,44.50,44.50,1.50),(1249,193,56,'500海之言西柚',1,44.00,44.00,1.00),(1250,193,5,'500绿茶',1,31.50,31.50,1.50),(1251,193,6,'1L冰红茶',1,24.00,24.00,2.00),(1252,193,7,'1L绿茶',1,24.00,24.00,2.00),(1253,193,29,'1L冰糖雪梨',1,24.00,24.00,2.00),(1254,193,21,'1L茉莉蜜茶',1,24.00,24.00,2.00),(1255,193,19,'1L双萃',1,24.00,24.00,2.00),(1256,193,24,'1L金桔柠檬',1,24.00,24.00,2.00),(1257,193,37,'900海之言西柚',1,35.00,35.00,1.00),(1258,193,13,'900/1L春拂焙茶',1,35.00,35.00,1.00),(1259,194,40,'500阿萨姆',2,44.50,89.00,3.00),(1260,194,7,'1L绿茶',2,24.00,48.00,4.00),(1261,194,21,'1L茉莉蜜茶',1,24.00,24.00,2.00),(1262,194,29,'1L冰糖雪梨',1,24.00,24.00,2.00),(1263,194,47,'1L焕神',1,35.00,35.00,1.00),(1264,194,36,'1L海之言柠檬',1,35.00,35.00,1.00),(1265,194,32,'罐鲜橙多',1,38.00,38.00,2.00),(1266,195,40,'500阿萨姆',5,46.00,230.00,0.00),(1267,195,35,'500海之言柠檬',1,45.00,45.00,0.00),(1268,195,24,'1L金桔柠檬',1,26.00,26.00,0.00),(1269,195,21,'1L茉莉蜜茶',2,26.00,52.00,0.00),(1270,195,6,'1L冰红茶',1,26.00,26.00,0.00),(1271,195,29,'1L冰糖雪梨',1,26.00,26.00,0.00),(1272,195,38,'1L柠檬水',1,26.00,26.00,0.00),(1273,195,32,'罐鲜橙多',1,40.00,40.00,0.00),(1274,196,12,'900/1L春拂绿茶',2,35.00,70.00,2.00),(1275,196,24,'1L金桔柠檬',1,24.00,24.00,2.00),(1276,196,19,'1L双萃',1,24.00,24.00,2.00),(1277,196,7,'1L绿茶',2,24.00,48.00,4.00),(1278,197,40,'500阿萨姆',2,44.50,89.00,3.00),(1279,197,50,'青提茉莉',1,44.50,44.50,1.50),(1280,197,30,'450鲜橙多',1,36.00,36.00,1.00),(1281,197,34,'1L水晶葡萄',1,24.00,24.00,2.00),(1282,197,29,'1L冰糖雪梨',1,24.00,24.00,2.00),(1283,197,19,'1L双萃',1,24.00,24.00,2.00),(1284,197,24,'1L金桔柠檬',1,24.00,24.00,2.00),(1285,197,15,'1L青梅绿茶',1,24.00,24.00,2.00),(1286,198,40,'500阿萨姆',2,45.00,90.00,2.00),(1287,198,5,'500绿茶',1,31.50,31.50,1.50),(1288,198,24,'1L金桔柠檬',1,24.00,24.00,2.00),(1289,198,7,'1L绿茶',1,24.00,24.00,2.00),(1290,198,34,'1L水晶葡萄',1,24.00,24.00,2.00),(1291,199,40,'500阿萨姆',1,44.50,44.50,1.50),(1292,199,11,'500春拂焙茶',1,43.00,43.00,0.00),(1293,199,35,'500海之言柠檬',1,44.00,44.00,1.00),(1294,199,36,'1L海之言柠檬',1,35.00,35.00,1.00),(1295,200,11,'500春拂焙茶',1,43.00,43.00,0.00),(1296,200,13,'900/1L春拂焙茶',1,35.00,35.00,1.00),(1297,200,4,'500冰红茶',1,31.00,31.00,2.00),(1298,200,34,'1L水晶葡萄',1,24.00,24.00,2.00),(1299,200,47,'1L焕神',1,35.00,35.00,1.00),(1300,200,9,'2L绿茶',2,35.00,70.00,4.00),(1301,201,7,'1L绿茶',1,24.00,24.00,2.00),(1302,201,36,'1L海之言柠檬',2,35.00,70.00,2.00),(1303,202,5,'500绿茶',1,31.50,31.50,1.50),(1304,202,19,'1L双萃',2,24.00,48.00,4.00),(1305,202,24,'1L金桔柠檬',1,24.00,24.00,2.00),(1306,203,40,'500阿萨姆',15,46.00,690.00,0.00),(1307,203,5,'500绿茶',2,32.00,64.00,2.00),(1308,203,33,'1L蜜桃多',1,24.00,24.00,2.00),(1309,203,19,'1L双萃',2,24.00,48.00,4.00),(1310,203,15,'1L青梅绿茶',2,24.00,48.00,4.00),(1311,203,29,'1L冰糖雪梨',1,24.00,24.00,2.00),(1312,203,24,'1L金桔柠檬',2,24.00,48.00,4.00),(1313,203,57,'罐蜜桃多',1,38.00,38.00,2.00),(1314,203,32,'罐鲜橙多',1,38.00,38.00,2.00),(1315,204,11,'500春拂焙茶',1,43.00,43.00,0.00),(1316,204,55,'450希蒂玫瑰味',1,56.00,56.00,1.00),(1317,204,24,'1L金桔柠檬',1,24.00,24.00,2.00),(1318,204,34,'1L水晶葡萄',2,24.00,48.00,4.00);
/*!40000 ALTER TABLE `order_items` ENABLE KEYS */;
UNLOCK TABLES;

--
-- Table structure for table `orders`
--

DROP TABLE IF EXISTS `orders`;
/*!40101 SET @saved_cs_client     = @@character_set_client */;
/*!50503 SET character_set_client = utf8mb4 */;
CREATE TABLE `orders` (
  `id` int NOT NULL AUTO_INCREMENT,
  `user_id` int NOT NULL,
  `order_date` date NOT NULL,
  `customer_name` varchar(255) COLLATE utf8mb4_unicode_ci NOT NULL,
  `original_text` text COLLATE utf8mb4_unicode_ci NOT NULL,
  `total_order_amount` decimal(10,2) NOT NULL,
  `total_commission` decimal(10,2) NOT NULL,
  `display_fee` decimal(10,2) DEFAULT NULL,
  `old_goods_disposal_fee` decimal(10,2) DEFAULT NULL,
  `gifting_cost` decimal(10,2) NOT NULL,
  `other_expenses` decimal(10,2) DEFAULT NULL,
  `net_income_estimate` decimal(10,2) NOT NULL,
  `created_at` datetime DEFAULT CURRENT_TIMESTAMP,
  PRIMARY KEY (`id`),
  KEY `user_id` (`user_id`),
  CONSTRAINT `orders_ibfk_1` FOREIGN KEY (`user_id`) REFERENCES `users` (`id`)
) ENGINE=InnoDB AUTO_INCREMENT=205 DEFAULT CHARSET=utf8mb4 COLLATE=utf8mb4_unicode_ci;
/*!40101 SET character_set_client = @saved_cs_client */;

--
-- Dumping data for table `orders`
--

LOCK TABLES `orders` WRITE;
/*!40000 ALTER TABLE `orders` DISABLE KEYS */;
INSERT INTO `orders` VALUES (5,1,'2025-06-08','建康百货（司马）','\n建康百货（司马）\n500阿萨姆2件44.5\n青提茉莉1件44.5\n茉莉奶绿2件44.5\n1升青梅1件24\n1升雪梨1件24\n1升红茶1件24\n1升双萃1件24\n1升酸梅汤1件24\n1升水晶葡萄1件24\n1升蜜桃多1件24\n1升海之言柠檬1件35\n900春拂绿茶1件35\n1.5阿萨姆1件52\n5月陈列费150元',512.50,17.00,150.00,0.00,25.50,0.00,141.50,'2025-06-08 20:09:47'),(6,1,'2025-06-08','体育彩票（元江元）','体育彩票（元江元）\n白桃观音1件45\n500海之言西柚1件44\n1升绿茶1件24\n1升红茶1件24\n1升金桔1件24\n1升青梅1件24\n1升雪梨1件24\n1升酸梅汤1件24\n1升海之言柠檬1件35\n共9件\n5月陈列费100元\n旧货带回办公室扣100.5元',268.00,9.70,100.00,100.50,15.00,0.00,-5.80,'2025-06-08 20:13:09'),(7,1,'2025-06-08','五福（司马）','五福（司马）\n500阿萨姆1件44.5\n白桃观音1件44.5\n500春拂绿茶1件43\n500红茶1件31\n450鲜橙多1件36\n1升绿茶1件24\n1升茉莉蜜茶1件24\n1升水晶葡萄1件24\n1升酸梅汤1件24\n1升金桔1件24\n1.5阿萨姆1件52\n2升鲜橙多1件43\n5月陈列费150元',414.00,15.20,150.00,0.00,20.00,0.00,145.20,'2025-06-08 20:16:24'),(8,1,'2025-06-08','建康百货（司马）','建康百货（司马）\n500阿萨姆2件44.5\n青提茉莉1件44.5\n茉莉奶绿2件44.5\n1升青梅1件24\n1升雪梨1件24\n1升红茶1件24\n1升双萃1件24\n1升酸梅汤1件24\n1升水晶葡萄1件24\n1升蜜桃多1件24\n1升海之言柠檬1件35\n1升春拂绿茶1件35\n1.5阿萨姆1件52\n5月陈列费150元',512.50,17.00,150.00,0.00,25.50,0.00,141.50,'2025-06-08 20:31:19'),(9,1,'2025-06-08','美福多（司马）','美福多（司马）\n1L金桔柠檬2件24\n1L焕神2件34\n1L水晶葡萄2件24\n500海之言柠檬1件44\n500阿萨姆2件44\n共9件\n5月陈列费80元',296.00,12.90,80.00,0.00,17.00,0.00,75.90,'2025-06-08 22:15:41'),(10,1,'2025-06-08','美福多（司马）','美福多（司马）\n1L金桔柠檬2件24\n1L焕神2件34\n1L水晶葡萄2件24\n500海之言柠檬1件44\n500阿萨姆2件44\n共9件\n5月陈列费80元',320.00,13.90,80.00,0.00,19.00,0.00,74.90,'2025-06-08 23:18:37'),(15,2,'2025-06-12','有家（司马）','有家（司马）\n500阿萨姆3件44\n450鲜橙多1件35\n1升焕神2件34',235.00,9.40,0.00,0.00,12.00,0.00,-2.60,'2025-06-12 23:15:38'),(17,2,'2025-06-12','美福多（司马）','美福多（司马）\n500金桔1件31\n500绿茶1件31\n1L焕神2件34\n450mL鲜橙多1件35',165.00,9.30,0.00,0.00,10.00,0.00,-0.70,'2025-06-12 23:17:02'),(18,2,'2025-06-12','1314（司马）','1314（司马）\n500海之言柠檬1件44\n茉莉奶绿1件44',88.00,2.20,0.00,0.00,3.00,0.00,-0.80,'2025-06-12 23:20:27'),(19,2,'2025-06-12','常联（元江元）','常联（元江元）\n1升青梅3件24\n1升酸梅汤1件24\n1升双萃2件24',144.00,6.00,0.00,0.00,12.00,0.00,-6.00,'2025-06-12 23:20:54'),(20,2,'2025-06-12','兰记（司马）','兰记（司马）\n500绿茶1件31.5\n1升绿茶2件24\n1升金桔1件24\n1升蜜桃多1件24\n900海之言西柚1件35\n2升鲜橙多1件43',205.50,8.50,0.00,0.00,12.50,0.00,-4.00,'2025-06-12 23:21:16'),(21,2,'2025-06-12','豪美购物中心（司马）','豪美购物中心（司马）\n500阿萨姆3件45\n500绿茶1件31.5\n1升金桔1件24\n1升茉莉蜜茶1件24\n1升红茶2件24\n1升雪梨1件24\n1升酸梅汤1件24\n1升蜜桃多1件24\n1升焕神2件35',404.50,16.10,0.00,0.00,20.50,0.00,-4.40,'2025-06-12 23:21:41'),(22,2,'2025-06-12','万世淘（司马文明北路）','万世淘（司马文明北路）\n1升柠檬水1件24\n1L 水晶葡萄1件24',48.00,2.00,0.00,0.00,4.00,0.00,-2.00,'2025-06-12 23:24:06'),(23,2,'2025-06-12','老乡（司马）','老乡（司马）\n1升金桔2件24',48.00,2.00,0.00,0.00,4.00,0.00,-2.00,'2025-06-12 23:24:24'),(27,2,'2025-06-11','星辰百货（漱旧）','星辰百货（漱旧）\n500阿萨姆2件44.5\n450鲜橙多1件36\n500绿茶1件31.5\n500海之言柠檬1件44\n1升双萃1件24\n1升茉莉蜜茶1件24\n1升海之言柠檬1件35\n1升焕神10件35\n900春拂绿茶2件35\n900春拂焙茶2件35\n罐鲜橙多1件38\n共23件\n5月陈列费174',811.50,50.70,174.00,0.00,27.50,0.00,197.20,'2025-06-13 11:41:05'),(30,2,'2025-06-13','爱百惠（漱旧）','爱百惠（漱旧）\n500阿萨姆6 件\n青提茉莉1 件\n白桃观音1 件\n500 海之言柠檬2 件\n450鲜橙多1 件\n500 金桔1 件\n500 绿茶 3 件\n1L 金桔3件\n1L 绿茶 5件\n1L 冰红茶 3件\n1L 酸梅汤 3 件\n1L 焕神 4 件\n2升鲜橙多1件\n减返62元',1180.00,41.40,0.00,0.00,62.00,0.00,-20.60,'2025-06-13 11:55:14'),(31,2,'2025-06-13','如家生活超市（司马）','如家生活超市（司马）\n500阿萨姆5件44\n1升红茶1件24\n1升绿茶1件24\n1升金桔1件24\n1',292.00,6.50,0.00,0.00,16.00,0.00,-9.50,'2025-06-13 19:19:11'),(32,2,'2025-06-13','事成生活超市（司马）','事成生活超市（司马）\n500阿萨姆1件44.5\n500绿茶1件31.5\n450鲜橙多1件36\n1升蜜桃多1件24\n1升酸梅汤1件24\n1升雪梨1件24\n1升红茶2件24\n1升茉莉蜜茶1件24\n1升绿茶2件24\n1.5阿萨姆1件52\n5月陈列费200元',356.00,13.50,200.00,0.00,22.00,0.00,191.50,'2025-06-13 19:19:58'),(33,2,'2025-06-13','建康百货（司马）','建康百货（司马）\n500阿萨姆3件44.5\n1升水晶葡萄1件24\n1升金桔1件24\n1升雪梨1件24\n1升茉莉蜜茶1件24\n1.5阿萨姆1件52',281.50,8.60,0.00,0.00,14.50,0.00,-5.90,'2025-06-13 19:20:28'),(34,2,'2025-06-13','人人乐（元江元）','人人乐（元江元）\n白桃观音1件44.5\n1升海之言柠檬1件35\n900海之言西柚1件35\n1升绿茶1件24\n1升茉莉蜜茶1件24\n1升焕神2件35',232.50,12.20,0.00,0.00,9.50,0.00,2.70,'2025-06-13 19:20:56'),(35,2,'2025-06-13','珊珊百货（司马）','珊珊百货（司马）\n500阿萨姆1件45\n1升红茶2件24',93.00,2.70,0.00,0.00,5.00,0.00,-2.30,'2025-06-13 19:21:11'),(36,2,'2025-06-13','源兴便利店（司马）','源兴便利店（司马）\n500阿萨姆2件44\n450鲜橙多1件36\n1升绿茶2件24\n1升双萃1件24',196.00,5.70,0.00,0.00,11.00,0.00,-5.30,'2025-06-13 19:22:17'),(37,2,'2025-06-13','凤英（司马）','凤英（司马）\n500阿萨姆5件44.5',222.50,3.50,0.00,0.00,7.50,0.00,-4.00,'2025-06-13 19:22:27'),(38,2,'2025-06-13','辉煌超市（司马）','辉煌超市（司马）\n500阿萨姆5件44\n500绿茶1件31.5\n500海之言柠檬1件44\n450鲜橙多1件36\n1升青梅1件24\n1升金桔1件24\n1升绿茶1件24\n1升双萃1件24\n1升海之言柠檬1件35\n1升焕神1件35\n1.5阿萨姆1件52\n5月陈列费100元',549.50,18.30,100.00,0.00,25.50,0.00,92.80,'2025-06-13 19:23:00'),(39,2,'2025-06-13','美惠佳（司马）','美惠佳（司马）\n500阿萨姆5件44\n500金桔1件31.5\n500绿茶1件31.5\n500雪梨1件31.5\n1升焕神1件35\n1升红茶2件24\n2升鲜橙多1件43\n1.5阿萨姆1件52\n共12件\n5月陈列费174件+1件1升绿茶',492.50,15.50,174.00,0.00,23.50,0.00,166.00,'2025-06-13 19:23:30'),(40,2,'2025-06-13','自选快餐（司马）','自选快餐（司马）\n500阿萨姆1件45\n希蒂大红袍1件56\n500绿茶1件31\n500双萃1件31\n900春拂绿茶1件36\n1升红茶5件24\n1升绿茶1件24\n1升双萃1件24\n1升雪梨1件24\n1升金桔1件24\n1升蜜桃多3件24\n1升焕神2件36\n5月陈列费100元',559.00,26.70,100.00,0.00,30.00,0.00,96.70,'2025-06-13 19:24:43'),(41,2,'2025-06-13','九龙超市（司马）','九龙超市（司马）\n1升双萃1件24\n1升青梅1件24\n1升海之言柠檬1件35',83.00,3.50,0.00,0.00,5.00,0.00,-1.50,'2025-06-13 19:24:55'),(42,2,'2025-06-13','常润丰（司马）','常润丰（司马）\n500阿萨姆4件\n希蒂大红袍1件\n500海之言西柚1件\n450鲜橙多1件\n500金桔1件\n1升金桔1件\n1升青梅1件\n1雪梨1件\n1升蜜桃多1件\n1升焕神2件\n1.5阿萨姆1件\n2升红茶1件\n罐鲜橙多1件\n减返20元',663.00,25.10,0.00,0.00,20.00,0.00,5.10,'2025-06-13 19:27:58'),(43,2,'2025-06-13','鲜厨（司马）','鲜厨（司马）\n500阿萨姆1件45\n2升鲜橙多2件43\n扣旧货2升鲜橙多6瓶（扣43元）',131.00,3.70,0.00,43.00,5.00,0.00,-44.30,'2025-06-13 19:29:24'),(44,2,'2025-06-13','吉彩百货（朗洲）','吉彩百货（朗洲）\n500红茶1件31.5\n一升绿茶1件24\n900海之言西柚1件35\n一升焕神1件35\n一升红茶2件24\n一升蜜桃多1件24\n一升水晶葡萄1件24',221.50,11.00,0.00,0.00,13.50,0.00,-2.50,'2025-06-13 20:25:10'),(47,2,'2025-06-11','诚信（漱旧）','诚信（漱旧）\n500海之言柠檬1件43\n500青梅1件31\n450鲜橙多1件36\n500绿茶1件31\n500红茶1件31\n1升海之言柠檬1件34\n1升金桔2件24\n1升青梅2件24',302.00,11.80,0.00,0.00,19.00,0.00,-7.20,'2025-06-14 09:03:47'),(48,2,'2025-06-11','好生活（漱旧）','好生活（漱旧）\n1升红茶1件24\n1升金桔2件24\n1升酸梅汤1件24\n500青梅1件31.5\n2升鲜橙多1件43',170.50,7.00,0.00,0.00,11.50,0.00,-4.50,'2025-06-14 09:04:06'),(49,2,'2025-06-11','礼兴（漱旧）','礼兴（漱旧）\n1升海之言柠檬1件35\n1升金桔1件24',59.00,2.50,0.00,0.00,3.00,0.00,-0.50,'2025-06-14 09:04:26'),(50,2,'2025-06-11','汉生食品（漱旧）','汉生食品（漱旧）\n500阿萨姆1件44\n1.5阿萨姆1件52',96.00,3.20,0.00,0.00,4.00,0.00,-0.80,'2025-06-14 09:04:48'),(51,2,'2025-06-11','平兴（漱旧）','平兴（漱旧）\n500阿萨姆2件45\n1升蜜桃多1件24\n1升红茶1件24\n1升金桔1件24\n1升双萃1件24\n1升茉莉蜜茶1件24\n1升焕神1件35\n900海之言西柚1件35\n5月陈列费120元\n1.5阿萨姆1件52\n2升红茶1件35\n2升鲜橙多1件43',410.00,16.40,120.00,0.00,20.00,0.00,116.40,'2025-06-14 09:05:38'),(52,2,'2025-06-11','每天惠（漱旧东泰）','每天惠（漱旧东泰）\n1升双萃3件24\n1升金桔1件24\n1升绿茶2件24\n1升海之言柠檬1件34\n5月陈列费40元',178.00,7.50,40.00,0.00,14.00,0.00,33.50,'2025-06-14 09:05:54'),(53,2,'2025-06-11','废品站士多（漱旧）','废品站士多（漱旧）\n1L焕神2件35\n500春拂绿茶1件43\n2升鲜橙多1件43\n500海之言柠檬2件44\n500绿茶1件31.5\n500雪梨1件31.5\n500金桔1件31.5\n500青梅绿茶1件31.5\n1L绿茶2件24\n1L水晶葡萄2件24\n1L蜜桃多2件24\n1L红茶1件24\n1L雪梨1件24\n1L酸梅汤1件24\n500酸梅汤1件31.5\n共20件\n5月陈列费120元',617.50,27.50,120.00,0.00,31.50,0.00,116.00,'2025-06-14 09:09:47'),(54,2,'2025-06-11','雅欣（漱旧）','雅欣（漱旧）\n500阿萨姆4件44.5\n1升雪梨2件24\n1升红茶2件24\n1升茉莉蜜茶2件24\n1升绿茶2件24\n1升水晶葡萄2件24\n1升蜜桃多1件24\n1升金桔1件24\n900海之言西柚1件35',501.00,16.80,0.00,0.00,31.00,0.00,-14.20,'2025-06-14 09:10:31'),(56,2,'2025-06-11','永兴便利店（漱旧）','永兴便利店（漱旧）\n500春拂焙茶1件43\n450鲜橙多1件36\n500红茶1件31.5\n500双萃1件31.5\n500绿茶1件31.5\n1升青梅2件24\n1升雪梨2件24\n1.5阿萨姆1件52\n2升鲜橙多1件43',364.50,15.30,0.00,0.00,17.50,0.00,-2.20,'2025-06-14 09:26:33'),(57,2,'2025-06-10','荟丰百货（漱旧）','荟丰百货（漱旧）\n茉莉奶绿1件44.5\n希蒂大红袍1件56\n希蒂玫瑰味1件56\n500春拂焙茶1件43\n500春拂绿茶1件43\n500酸梅汤1件31.5\n500红茶1件31.5\n500茉莉蜜茶1件31.5\n500双萃1件31.5\n1升金桔1件24\n1升青梅1件24\n1升绿茶1件24\n1升双萃1件24\n1升焕神2件35\n900春拂绿茶1件35\n共16件\n5月陈列费174元+1件1升绿茶',569.50,29.20,174.00,0.00,20.50,0.00,182.70,'2025-06-14 09:30:29'),(60,2,'2025-06-10','欣客隆（漱新）','欣客隆（漱新）\n500阿萨姆3件44.5\n1升双萃2件24',181.50,4.10,0.00,0.00,8.50,0.00,-4.40,'2025-06-14 09:31:51'),(61,2,'2025-06-10','美嘉（黄泥塘）','美嘉（黄泥塘）\n500阿萨姆5件44\n500绿茶2件31\n500海之言柠檬1件44\n1升水晶葡萄3件24\n1升雪梨1件24\n1升金桔1件24\n1升绿茶3件24\n1升红茶2件24\n1升青梅2件24\n1升双萃1件24\n1升海之言柠檬1件35\n1升焕神1件35',708.00,24.50,0.00,0.00,43.00,0.00,-18.50,'2025-06-14 09:32:03'),(62,2,'2025-06-10','乐大家（漱新）','乐大家（漱新）\n500海之言柠檬1件44\n1升海之言柠檬1件35\n1升青梅1件24',103.00,4.00,0.00,0.00,4.00,0.00,0.00,'2025-06-14 09:32:15'),(63,2,'2025-06-10','永盛生活超市（漱新）','永盛生活超市（漱新）\n500海之言柠檬1件44\n小茗同学青柠红茶1件55\n500青梅1件31\n1升红茶1件24\n1升海之言柠檬1件35',189.00,7.50,0.00,0.00,8.00,0.00,-0.50,'2025-06-14 09:33:52'),(64,2,'2025-06-10','福临百货（漱新）','福临百货（漱新）\n1升金桔1件24\n1升红茶1件24',48.00,2.00,0.00,0.00,4.00,0.00,-2.00,'2025-06-14 09:38:49'),(65,2,'2025-06-10','嘉利（漱新）','嘉利（漱新）\n500阿萨姆2件45\n500双萃1件31.5\n1升雪梨1件24\n1升红茶1件24\n500海之言西柚1件44\n1升海之言柠檬1件35\n2升鲜橙多1件43',291.50,9.40,0.00,0.00,11.50,0.00,-2.10,'2025-06-14 09:39:11'),(66,2,'2025-06-10','丰盛（漱新）','丰盛（漱新）\n500阿萨姆7件45\n茉莉奶绿1件45\n500海之言柠檬1件44\n500海之言西柚1件44\n500青梅1件31.5\n1升青梅1件24\n1升红茶1件24\n1升蜜桃多2件24\n1升海之言柠檬1件36\n900海之言西柚2件36\n1.5阿萨姆2件52\n2升鲜橙多3件43\n共23件',916.50,29.10,0.00,0.00,29.50,0.00,-0.40,'2025-06-14 09:41:40'),(67,2,'2025-06-10','新广源（漱新）','新广源（漱新）\n500绿茶1件31.5\n1升海之言柠檬1件35',66.50,2.50,0.00,0.00,2.50,0.00,0.00,'2025-06-14 09:41:56'),(68,2,'2025-06-10','永福便利店（漱新）','永福便利店（漱新）\n900春拂绿茶1件件35\n1升酸梅汤1件24\n1升双萃2件24\n1升焕神5件34\n',278.00,20.50,0.00,0.00,16.00,0.00,4.50,'2025-06-14 09:42:12'),(69,2,'2025-06-10','利民（漱新）','利民（漱新）\n500阿萨姆2件44.5\n煎茶奶绿1件44.5\n1升双萃3件24\n1升红茶1件24\n1升金桔1件24\n1升雪梨1件24\n1升海之言柠檬1件35\n5月陈列费80元',312.50,9.60,80.00,0.00,17.50,0.00,72.10,'2025-06-14 09:42:36'),(70,2,'2025-06-10','静发（黄泥塘）','静发（黄泥塘）\n茉莉奶绿1件45\n1升金桔2件24\n1升红茶2件24\n1升双萃2件24\n1升焕神1件35\n6月陈列费45元',224.00,9.70,45.00,0.00,14.00,0.00,40.70,'2025-06-14 09:43:14'),(71,2,'2025-06-10','超惠（黄泥塘）','超惠（黄泥塘）\n500阿萨姆5件44\n茉莉奶绿1件44\n500绿茶1件31\n500红茶1件31\n1升青梅2件24\n1升茉莉蜜茶1件24\n1升绿茶1件24\n1升双萃1件24\n1升雪梨1件24\n1升酸梅汤1件24\n1升水晶葡萄1件24\n1升蜜桃多2件24\n1升焕神1件35\n\n共19件\n陈列费35元',601.00,19.20,35.00,0.00,37.00,0.00,17.20,'2025-06-14 09:45:36'),(72,2,'2025-06-10','万家欢禧（黄泥塘）','万家欢禧（黄泥塘）\n茉莉奶绿1件44.5\n500绿茶1件31.5\n500金桔1件31.5\n500春拂绿茶1件43\n小茗同学青柠红茶1件56\n1升绿茶2件24\n1升金桔1件24\n1升蜜桃多1件24\n1升青梅1件24\n1升红茶1件24\n1升双萃1件24\n1升雪梨1件24\n1升海之言柠檬1件35\n1升焕神1件35\n2升鲜橙多1件43\n共16件\n5月陈列费80元',511.50,21.20,80.00,0.00,25.50,0.00,75.70,'2025-06-14 09:46:31'),(74,2,'2025-06-10','佳惠（司马）','佳惠（司马）\n500青梅1件31.5\n1升绿茶2件24\n1升红茶1件24\n1升双萃1件24\n1升海之言柠檬1件35',162.50,7.00,0.00,0.00,10.50,0.00,-3.50,'2025-06-14 09:47:05'),(75,2,'2025-06-10','姚记商店（元江元）','姚记商店（元江元）\n白桃观音1件45\n1升金桔1件24\n1升红茶2件24\n1升双萃2件24\n1升水晶葡萄1件24\n1升酸梅汤1件24\n1升焕神1件35\n900海之言西柚1件35\n5月陈列45元',283.00,12.70,45.00,0.00,17.00,0.00,40.70,'2025-06-14 09:47:43'),(76,2,'2025-06-10','人人乐（元江元）','人人乐（元江元）\n500红茶1件31.5\n1升海之言柠檬1件35\n罐蜜桃多1件38',104.50,4.50,0.00,0.00,4.50,0.00,0.00,'2025-06-14 09:49:05'),(77,2,'2025-06-10','弘信副食（黄泥塘）','弘信副食（黄泥塘）\n茉莉奶绿1件45\n1升双萃2件24\n900春拂绿茶1件35',128.00,5.20,0.00,0.00,6.00,0.00,-0.80,'2025-06-14 09:50:03'),(78,2,'2025-06-08','老蒋百货（元江元）','老蒋百货（元江元）\n1.5阿萨姆2件件52\n450鲜橙多1件36\n1升酸梅汤1件24\n1升水晶葡萄1件24\n1升海之言柠檬1件35\n6月陈列费150元',227.00,9.80,150.00,0.00,6.00,0.00,153.80,'2025-06-14 09:59:09'),(79,2,'2025-06-08','爱来（元江元）','爱来（元江元）\n希蒂大红袍1件56\n500绿茶1件31.5\n1升绿茶1件24\n1升青梅1件24\n1升金桔1件24',159.50,7.00,0.00,0.00,8.50,0.00,-1.50,'2025-06-14 10:01:07'),(80,2,'2025-06-08','开心百货（朗洲）','开心百货（朗洲）\n1升绿茶3件24\n1升双萃3件24',144.00,6.00,0.00,0.00,12.00,0.00,-6.00,'2025-06-14 10:01:18'),(81,2,'2025-06-09','客兴隆（元江元）','客兴隆（元江元）\n500阿萨姆1件45\n茉莉奶绿1件45\n1升红茶1件24\n1升酸梅汤1件24\n1升水晶葡萄1件24\n1升双萃2件24\n1升蜜桃多1件24\n1升雪梨1件24\n1升绿茶1件24\n900海之言西柚1件35\n1升焕神2件35\n2升红茶1件35\n共14件\n5月陈列费150元',422.00,18.40,150.00,0.00,23.00,0.00,145.40,'2025-06-14 10:04:53'),(82,2,'2025-06-09','耀兴隆（元江元）','耀兴隆（元江元）\n1升红茶1件24\n1升雪梨1件24\n1升双萃1件24',72.00,3.00,0.00,0.00,6.00,0.00,-3.00,'2025-06-14 10:05:10'),(83,2,'2025-06-09','常联（元江元）','常联（元江元）\n1升蜜桃多1件24\n1升酸梅汤1件24\n1升青梅1件24\n900春拂绿茶1件35\n扣旧货1.5阿萨姆4瓶（扣34元）',107.00,5.50,0.00,34.00,7.00,0.00,-35.50,'2025-06-14 10:05:47'),(84,2,'2025-06-09','全星百货（元江元）','全星百货（元江元）\n500阿萨姆1件44.5\n500海之言柠檬1件44\n500双萃1件31.5\n500青梅1件31.5\n1升蜜桃多1件24\n1升青梅2件24\n1升金桔1件24\n1升雪梨1件24\n1升酸梅汤1件24\n1升双萃10件24\n2升鲜橙多1件43',578.50,22.70,0.00,0.00,39.50,0.00,-16.80,'2025-06-14 10:06:02'),(85,2,'2025-06-09','兴中生活超市（元江元）','兴中生活超市（元江元）\n1升红茶1件24\n1升绿茶2件24\n900西柚1件35',107.00,5.00,0.00,0.00,7.00,0.00,-2.00,'2025-06-14 10:06:13'),(86,2,'2025-06-09','莱保（元江元）','莱保（元江元）\n500海之言西柚1件44\n500春拂焙茶1件43\n500雪梨1件31.5\n500绿茶1件31.5\n500双萃1件31.5\n1升金桔1件24\n1升双萃1件24\n1升红茶1件24\n1升雪梨1件24\n1升酸梅汤1件24\n1升蜜桃多1件24\n2升鲜橙多1件43\n共12件\n5月陈列费150元',368.50,15.00,150.00,0.00,19.50,0.00,145.50,'2025-06-14 10:08:16'),(87,2,'2025-06-09','标全百货（元江元）','标全百货（元江元）\n500阿萨姆3件44.5\n500绿茶1件31.5\n茉莉奶绿1件45\n1升蜜桃多1件24\n1升雪梨1件24\n1升双萃1件24\n1升青梅1件24\n1升金桔1件24\n1升红茶1件24\n1升海之言柠檬1件35\n1.5阿萨姆1件52\n5月陈列费120元',441.00,13.80,120.00,0.00,22.00,0.00,111.80,'2025-06-14 10:08:50'),(88,2,'2025-06-09','兴欣百货（元江元）','兴欣百货（元江元）\n500阿萨姆2件45\n500绿茶1件31.5\n1升绿茶2件24\n1升红茶1件24\n1升茉莉蜜茶1件24\n1升金桔1件24\n1升焕神1件35\n1.5阿萨姆1件52\n罐青梅1件38\n5月陈列费120元',366.50,14.90,120.00,0.00,18.50,0.00,116.40,'2025-06-14 10:09:43'),(89,2,'2025-06-09','惠源生活超市（元江元）','惠源生活超市（元江元）\n500阿萨姆2件44.5\n500绿茶1件31.5\n1升金桔1件24\n1升绿茶1件24\n1升红茶1件24\n1升双萃1件24\n1升海之言柠檬1件35',251.50,7.90,0.00,0.00,13.50,0.00,-5.60,'2025-06-14 10:09:59'),(90,2,'2025-06-09','万利来（元江元）','万利来（元江元）\n500阿萨姆1件45\n茉莉奶绿1件45\n1升茉莉蜜茶1件24\n1升酸梅汤1件24\n1升双萃1件24\n1升焕神1件35',197.00,7.40,0.00,0.00,9.00,0.00,-1.60,'2025-06-14 10:10:16'),(91,2,'2025-06-09','人人乐（元江元）','人人乐（元江元）\n1升雪梨1件24\n1升红茶1件24\n1升双萃1件24\n罐鲜橙多1件38',110.00,5.00,0.00,0.00,8.00,0.00,-3.00,'2025-06-14 10:10:33'),(92,2,'2025-06-09','环保超市（司马）','环保超市（司马）\n50阿萨姆3件44\n白桃观音1件44.5\n茉莉奶绿1件44.5\n小茗同学溜溜达茶1件56\n500春拂绿茶1件43\n500海之言西柚1件44\n500绿茶1件31.5\n1升绿茶1件24\n1升海之言柠檬1件35\n1升金桔2件24\n1升水晶葡萄1件24\n共14件\n5月陈列费80元',526.50,16.00,80.00,0.00,21.50,0.00,74.50,'2025-06-14 10:10:51'),(93,2,'2025-06-09','雪糕批发（元江元）','雪糕批发（元江元）\n500阿萨姆1件45\n茉莉奶绿1件45\n500海之言柠檬2件44\n500酸梅汤1件31.5\n500金桔1件31.5\n500绿茶2件31.5\n1升金桔1件24\n1升绿茶2件24\n1升红茶1件24\n1升海之言柠檬1件35\n900海之言西柚1件35\n1升焕神2件35\n2升鲜橙多1件43\n共17件\n5月陈列费150元',583.00,23.40,150.00,0.00,24.00,0.00,149.40,'2025-06-14 10:13:18'),(94,2,'2025-06-09','阿发天猫小店（元江元）','阿发天猫小店（元江元）\n白桃观音1件45\n1升金桔1件24\n1升双萃1件24\n1升茉莉蜜茶1件24\n1升雪梨1件24\n1升海之言柠檬1件35\n900海之言西柚1件35\n2升绿茶1件35\n共8件\n5月陈列费174元+1件1升绿茶',246.00,9.20,174.00,0.00,13.00,0.00,170.20,'2025-06-14 10:16:05'),(95,2,'2025-06-09','常好（元江元）','常好（元江元）\n500阿萨姆5件44.5\n500海之言柠檬1件44\n500雪梨1件31.5\n500绿茶2件31.5\n500青梅1件31.5\n1升金桔1件24\n1升青梅2件24\n1升绿茶2件24\n1升双萃2件24\n1升红茶1件24\n1升蜜桃多1件24\n1升海之言柠檬1件35\n1升焕神1件35\n共21件\n5月陈列费100元',678.50,23.00,100.00,0.00,34.50,0.00,88.50,'2025-06-14 10:18:07'),(96,2,'2025-06-09','喜洋洋（元江元）','喜洋洋（元江元）\n1升金桔1件24\n1升焕神1件35',59.00,4.00,0.00,0.00,3.00,0.00,1.00,'2025-06-14 10:18:21'),(97,2,'2025-06-09','荣梅（元江元）','荣梅（元江元）\n1升金桔2件24\n1升绿茶1件24\n1升双萃1件24',96.00,4.00,0.00,0.00,8.00,0.00,-4.00,'2025-06-14 10:18:36'),(98,2,'2025-06-09','灵点（元江元）','灵点（元江元）\n茉莉奶绿1件44.5\n1升金桔1件24\n1升红茶2件24',116.50,3.70,0.00,0.00,7.50,0.00,-3.80,'2025-06-14 10:18:50'),(99,2,'2025-06-09','惠壹（元江元）','惠壹（元江元）\n希蒂大红袍1件56\n500海之言柠檬1件44\n500绿茶1件31.5\n500红茶1件31.5\n500双萃1件31.5\n1升青梅1件24\n1升绿茶2件24\n1升双萃1件24\n1升蜜桃多1件24\n1升焕神2件35\n1.5阿萨姆1件52\n2升鲜橙多1件43\n共14件',479.50,23.00,0.00,0.00,22.50,0.00,0.50,'2025-06-14 10:21:04'),(100,2,'2025-06-09','美客（元江元）','美客（元江元）\n500阿萨姆1件45\n1升金桔1件24\n1升绿茶1件24\n1升水晶葡萄1件24\n2升鲜橙多1件43',160.00,5.20,0.00,0.00,9.00,0.00,-3.80,'2025-06-14 10:21:28'),(101,2,'2025-06-07','碧家铺（九江水）','碧家铺（九江水）\n茉莉奶绿2件44.5\n500海之言柠檬1件44\n1升金桔1件24\n1升绿茶1件24',181.00,4.90,0.00,0.00,8.00,0.00,-3.10,'2025-06-14 10:25:11'),(102,2,'2025-06-07','佳佳福（九江水）','佳佳福（九江水）\n500阿萨姆2件44.5\n茉莉奶绿1件44.5\n1升绿茶1件24\n1升水晶葡萄1件24\n1升红茶1件24\n1升酸梅汤1件24\n1升焕神1件35\n1升海之言柠檬1件35\n2升鲜橙多1件43\n5月陈列费200元',342.50,12.10,200.00,0.00,16.50,0.00,195.60,'2025-06-14 10:25:35'),(103,2,'2025-06-07','吉星优选（九江水）','吉星优选（九江水）\n茉莉奶绿1件45\n500海之言柠檬1件44\n1升绿茶1件24\n1升青梅1件24\n1升金桔1件24\n1升水晶葡萄1件24\n1升双萃2件24\n1升焕神2件35\n1升海之言柠檬1件35\n2升鲜橙多1件43\n共12件\n5月陈列费80元',381.00,17.20,80.00,0.00,19.00,0.00,78.20,'2025-06-14 10:26:20'),(104,2,'2025-06-07','免文百货（九江水）','免文百货（九江水）\n500双萃1件31.5\n1升双萃1件24',55.50,2.50,0.00,0.00,3.50,0.00,-1.00,'2025-06-14 10:26:45'),(105,2,'2025-06-07','总相宜（九江水）','总相宜（九江水）\n500阿萨姆2件44.5\n1升绿茶2件24\n1升红茶1件24\n5月陈列费30元',161.00,4.40,30.00,0.00,9.00,0.00,25.40,'2025-06-14 10:26:59'),(106,2,'2025-06-07','鸿志（朗洲）','鸿志（朗洲）\n500阿萨姆1件44.5\n500绿茶1件31.5\n500红茶1件31.5\n500青梅1件31.5\n500海之言柠檬1件44\n小茗同学青柠红茶1件56\n1升焕神1件35\n1升青梅1件24\n1升绿茶1件24\n1升金桔1件24\n1.5阿萨姆1件52\n共11件\n5月陈列费80元',398.00,16.20,80.00,0.00,17.00,0.00,79.20,'2025-06-14 10:27:32'),(107,2,'2025-06-07','万愿福（朗洲）','万愿福（朗洲）\n希蒂玫瑰味1件56\n500海之言西柚1件44\n500雪梨1件31.5\n500春拂绿茶1件43\n1升茉莉蜜茶1件24\n1升水晶葡萄1件24\n1升柠檬水1件24\n1升焕神1件35\n1升海之言柠檬1件35\n2升绿茶3件35\n共12件\n5月陈列费174元+1件1升绿茶',421.50,18.50,174.00,0.00,17.50,0.00,175.00,'2025-06-14 10:28:32'),(108,2,'2025-06-07','美盛（朗洲）','美盛（朗洲）\n500阿萨姆2件45\n1升水晶葡萄1件24\n1升红茶1件24\n1.5阿萨姆1件52',190.00,5.90,0.00,0.00,8.00,0.00,-2.10,'2025-06-14 10:28:53'),(109,2,'2025-06-07','粤湘逢（朗洲）','粤湘逢（朗洲）\n青提茉莉1件44\n茉莉奶绿1件44\n岩盐芝士1件44\n1升绿茶2件24',180.00,4.10,0.00,0.00,10.00,0.00,-5.90,'2025-06-14 10:29:11'),(110,2,'2025-06-06','美福多（司马）','美福多（司马）\n1L金桔柠檬2件24\n1L焕神2件34\n1L水晶葡萄2件24\n500海之言柠檬1件44\n500阿萨姆2件44\n共9件\n5月陈列费80元',296.00,12.90,80.00,0.00,17.00,0.00,75.90,'2025-06-14 10:33:13'),(111,2,'2025-06-06','常润丰（司马）','常润丰（司马）\n500阿萨姆3件45\n白桃观音1件45\n茉莉奶绿1件45\n500海之言柠檬1件44\n500酸梅汤1件31.5\n500绿茶1件31.5\n500青梅绿茶1件31.5\n500双萃1件31.5\n1升青梅1件24\n1升茉莉蜜茶1件24\n1升绿茶1件24\n1升双萃1件24\n1升水晶葡萄1件24\n1升海之言柠檬1件36\n1升焕神2件36\n2升鲜橙多1件43\n共19件',666.00,24.00,0.00,0.00,24.00,0.00,0.00,'2025-06-14 10:38:17'),(112,2,'2025-06-06','鲜厨（司马）','鲜厨（司马）\n500阿萨姆1件45\n希蒂大红袍1件57\n茉莉奶绿1件45\n白桃观音1件45\n500绿茶1件31.5\n500金桔1件31.5\n1升双萃1件24',279.00,8.10,0.00,0.00,8.00,0.00,0.10,'2025-06-14 10:39:12'),(113,2,'2025-06-06','辰宇生活超市（司马）','辰宇生活超市（司马）\n茉莉奶绿2件44.5\n希蒂大红袍1件55',144.00,4.40,0.00,0.00,5.00,0.00,-0.60,'2025-06-14 10:39:28'),(114,2,'2025-06-06','九龙超市（司马）','九龙超市（司马）\n茉莉奶绿1件44.5\n1升双萃1件24\n1升绿茶1件24',92.50,2.70,0.00,0.00,5.50,0.00,-2.80,'2025-06-14 10:39:41'),(116,2,'2025-06-06','快乐嘀嗒（司马）','快乐嘀嗒（司马）\n500阿萨姆2件44.5\n500海之言西柚1件44\n500春拂绿茶1件42\n450鲜橙多1件36\n500雪梨1件31\n500绿茶1件31\n500茉莉蜜茶1件31\n小茗同学溜溜达茶1件56\n1升茉莉蜜茶1件24\n1升绿茶1件24\n1升双萃1件24\n1升红茶1件24\n1升酸梅汤1件24\n1升水晶葡萄1件24\n900春拂绿茶2件35\n1升焕神1件35\n2升绿茶1件35\n共19件\n5月陈列费150元',644.00,27.20,150.00,0.00,30.00,0.00,147.20,'2025-06-14 10:43:46'),(117,2,'2025-06-06','辉煌超市（司马）','辉煌超市（司马）\n1升青梅1件24\n1升双萃1件24\n1升金桔2件24\n1升焕神1件35\n1升海之言柠檬1件35\n茉莉奶绿1件44.5',210.50,9.20,0.00,0.00,11.50,0.00,-2.30,'2025-06-14 10:44:02'),(118,2,'2025-06-06','乐怡百货店（司马）','乐怡百货店（司马）\n罐鲜橙多1件38\n1.5阿萨姆1件52',90.00,4.50,0.00,0.00,4.00,0.00,0.50,'2025-06-14 10:44:15'),(119,2,'2025-06-06','建康百货（司马）','建康百货（司马）\n500阿萨姆2件44.5\n青提茉莉1件44.5\n茉莉奶绿2件44.5\n1升青梅1件24\n1升雪梨1件24\n1升红茶1件24\n1升双萃1件24\n1升酸梅汤1件24\n1升水晶葡萄1件24\n1升蜜桃多1件24\n1升海之言柠檬1件35\n1升春拂绿茶1件35\n1.5阿萨姆1件52\n5月陈列费150元',512.50,17.00,150.00,0.00,25.50,0.00,141.50,'2025-06-14 10:44:45'),(120,2,'2025-06-06','吉彩（朗洲）','吉彩（朗洲）\n500阿萨姆2件44.5\n500绿茶1件31\n1升绿茶1件24\n1升金桔柠檬1件24\n500海之言柠檬1件44\n1升海之言柠檬1件35\n1升红茶1件24\n1升蜜桃多1件24\n1升酸梅汤1件24\n5月陈列费150元',319.00,10.40,150.00,0.00,17.00,0.00,143.40,'2025-06-14 10:45:43'),(121,2,'2025-06-06','体育彩票（元江元）','体育彩票（元江元）\n\n白桃观音1件45\n\n500海之言西柚1件44\n\n1升绿茶1件24\n\n1升红茶1件24\n\n1升金桔1件24\n\n1升青梅1件24\n\n1升雪梨1件24\n\n1升酸梅汤1件24\n\n1升海之言柠檬1件35\n\n共9件\n\n5月陈列费100元\n\n旧货带回办公室扣100.5元\n\n',268.00,9.70,100.00,100.50,15.00,0.00,-5.80,'2025-06-14 10:46:23'),(122,2,'2025-06-06','事成生活超市（司马）','事成生活超市（司马）\n茉莉奶绿1件44.5\n1升水晶葡萄1件24\n1升金桔1件24\n1升双萃1件24\n1升红茶1件24\n2升绿茶1件35',175.50,5.70,0.00,0.00,11.50,0.00,-5.80,'2025-06-14 10:47:07'),(123,2,'2025-06-06','凤英（司马）','\n凤英（司马）\n1升焕神1件35\n1.5阿萨姆2件52',139.00,8.00,0.00,0.00,5.00,0.00,3.00,'2025-06-14 10:47:32'),(124,2,'2025-06-06','悦华（司马）','悦华（司马）\n500阿萨姆2件45\n青提茉莉1件45\n煎茶奶绿1件45\n茉莉奶绿1件45\n500金桔1件31.5\n500绿茶1件31.5\n500双萃1件31.5\n1升双萃1件24\n1升雪梨1件24\n1升酸梅汤1件24\n1升海之言柠檬1件35\n900海之言西柚1件35\n1升焕神1件35\n共14件\n5月陈列费120元',496.50,16.50,120.00,0.00,18.50,0.00,118.00,'2025-06-14 10:50:04'),(125,2,'2025-06-05','五福（司马）','五福（司马）\n500阿萨姆1件44.5\n白桃观音1件44.5\n500春拂绿茶1件43\n500红茶1件31\n450鲜橙多1件36\n1升绿茶1件24\n1升茉莉蜜茶1件24\n1升水晶葡萄1件24\n1升酸梅汤1件24\n1升金桔1件24\n1.5阿萨姆1件52\n2升鲜橙多1件43\n5月陈列费150元',414.00,15.20,150.00,0.00,20.00,0.00,145.20,'2025-06-14 10:55:32'),(126,2,'2025-06-05','兰记（司马）','兰记（司马）\n500阿萨姆2件45\n1升酸梅汤1件24\n1升青梅1件24\n1升红茶1件24\n1升绿茶2件24\n2升鲜橙多1件43\n900海之言西柚1件35\n1升焕神1件35\n900春拂焙茶1件35\n5月陈列费150元',358.00,15.40,150.00,0.00,17.00,0.00,148.40,'2025-06-14 10:56:09'),(127,2,'2025-06-05','永旺（司马）','永旺（司马）\n450鲜橙多1件36\n1升金桔2件24\n1升海之言柠檬1件35',119.00,4.80,0.00,0.00,6.00,0.00,-1.20,'2025-06-14 10:56:23'),(128,2,'2025-06-05','万世淘（司马）','万世淘（司马）\n500阿萨姆2件45\n500海之言柠檬1件44\n1升茉莉蜜茶1件24\n1升绿茶1件24\n1升柠檬水1件24\n1升焕神1件35\n共7件\n5月陈列费174+1件1升金桔',241.00,8.90,174.00,0.00,10.00,0.00,172.90,'2025-06-14 10:57:43'),(129,2,'2025-06-05','豪美（司马）','豪美（司马）\n450鲜橙多1件36\n1升金桔1件24\n1升青梅1件24\n1升双萃1件24\n1升红茶1件24\n1升水晶葡萄1件24\n1.5阿萨姆1件52\n共7件',208.00,8.80,0.00,0.00,13.00,0.00,-4.20,'2025-06-14 10:59:03'),(130,2,'2025-06-05','淑英（司马）','淑英（司马）\n500阿萨姆2件45\n500海之言西柚1件44\n500青梅1件31.5\n1升酸梅汤1件24\n1升绿茶1件24\n1升双萃1件24\n1升雪梨1件24\n5月陈列费120元\n旧货500海之言西柚15瓶带回办公室（扣44元）',261.50,8.40,120.00,44.00,12.50,0.00,71.90,'2025-06-14 10:59:23'),(131,2,'2025-06-05','乐鲜购（司马）','乐鲜购（司马）\n500阿萨姆2件44.5\n茉莉奶绿1件44.5\n1升双萃1件24\n1升绿茶2件24\n5月陈列费60元',205.50,5.10,60.00,0.00,10.50,0.00,54.60,'2025-06-14 10:59:37'),(132,2,'2025-06-05','宝协（司马）','宝协（司马）\n500阿萨姆1件44.5\n1.5阿萨姆1件52',96.50,3.20,0.00,0.00,3.50,0.00,-0.30,'2025-06-14 10:59:50'),(133,2,'2025-06-05','俊凯百货（司马）','俊凯百货（司马）\n500阿萨姆3件44\n1升金桔1件24\n1升红茶1件24\n1升绿茶2件24\n1升青梅1件24\n1升雪梨1件24\n500春拂绿茶1件43\n500绿茶1件31\n500海之言柠檬1件44\n500双萃1件31\n450鲜橙多1件36\n希蒂大红袍1件56\n1升海之言柠檬1件35\n5月陈列费104元+1件1升绿茶',552.00,20.40,104.00,0.00,26.00,0.00,98.40,'2025-06-14 11:00:30'),(134,2,'2025-06-05','烈兴百货（司马）','烈兴百货（司马）\n500绿茶1件31.5\n1升绿茶1件24\n5月陈列24元1件1升绿茶',55.50,2.00,24.00,0.00,3.50,0.00,22.50,'2025-06-14 11:00:59'),(135,2,'2025-06-05','老张百货（司马）','老张百货（司马）\n500阿萨姆2件44.5\n500海之言西柚1件44\n500双萃1件31.5\n1升绿茶2件24\n1升酸梅汤1件24\n1.5阿萨姆1件52\n共8件\n5月陈列费174元+1升红茶1件',288.50,9.90,174.00,0.00,13.50,0.00,170.40,'2025-06-14 11:02:20'),(136,2,'2025-06-05','老乡（司马）','老乡（司马）\n500绿茶1件31.5\n1升金桔2件24\n1升青梅1件24\n1升绿茶1件24\n1升雪梨1件24\n1升酸梅汤1件24\n1升水晶葡萄1件24\n900春拂焙茶1件35\n共9件\n5月陈列费174元+1件1升绿茶',234.50,10.50,174.00,0.00,16.50,0.00,168.00,'2025-06-14 11:04:04'),(137,2,'2025-06-04','元兴副食（元江元）','元兴副食（元江元）\n500阿萨姆3件44.5\n茉莉奶绿1件44.5\n1升青梅1件24\n1升绿茶3件24\n共8件\n5月陈列费150元',274.00,6.80,150.00,0.00,14.00,0.00,142.80,'2025-06-14 11:06:15'),(138,2,'2025-06-04','星辰百货（漱旧）','星辰百货（漱旧）\n500春拂焙茶1件43\n500春拂绿茶1件43\n500双萃1件31.5\n1升金桔1件24\n1升青梅1件24\n1升绿茶1件24\n1升红茶1件24\n1升酸梅汤1件24\n1升水晶葡萄1件24\n1升蜜桃多1件24\n900春拂绿茶1件35\n共11件\n补扣4月陈列费144元+1件1升绿茶',320.50,16.00,144.00,0.00,16.50,0.00,143.50,'2025-06-14 11:08:43'),(139,2,'2025-06-04','盈乐（漱旧）','盈乐（漱旧）\n1升焕神2件34',68.00,6.00,0.00,0.00,4.00,0.00,2.00,'2025-06-14 11:09:01'),(140,2,'2025-06-04','诚信（漱旧）','诚信（漱旧）\n500阿萨姆10件44\n500绿茶1件31\n1升绿茶1件24\n1升金桔1件24\n1升青梅1件24\n1升酸梅汤1件24\n1升红茶1件24\n1.5阿萨姆1件52\n2升鲜橙多1件43\n共18件\n5月陈列费150元',686.00,17.00,150.00,0.00,36.00,0.00,131.00,'2025-06-14 11:09:20'),(141,2,'2025-06-04','益红（漱旧）','益红（漱旧）\n1.5阿萨姆2件52',104.00,5.00,0.00,0.00,4.00,0.00,1.00,'2025-06-14 11:09:32'),(142,2,'2025-06-04','永兴便利店（漱旧）','永兴便利店（漱旧）\n500阿萨姆2件44.5\n茉莉奶绿1件44.5\n希蒂大红袍1件57\n500红茶1件31.5\n500青梅1件31.5\n小茗同学芭芭乐1件56\n1升红茶1件24\n1升焕神1件35\n900春拂1件35\n2升鲜橙多1件43\n共11件\n5月陈列费150元',446.50,17.60,150.00,0.00,14.50,0.00,153.10,'2025-06-14 11:12:00'),(143,2,'2025-06-04','雅欣百货（漱旧）','雅欣百货（漱旧）\n1升水晶葡萄1件24\n1升绿茶3件24\n1升茉莉蜜茶1件24',120.00,5.00,0.00,0.00,10.00,0.00,-5.00,'2025-06-14 11:12:20'),(144,2,'2025-06-04','桂枝日用品（漱旧）','桂枝日用品（漱旧）\n500绿茶1件31.5\n茉莉奶绿1件45\n希蒂大红袍1件56\n1升红茶1件24\n1升绿茶1件24\n1升海之言柠檬1件35\n1.5阿萨姆1件52\n2升鲜橙多1件43\n共8件\n5月陈列费84元+1件1升金桔',310.50,12.20,84.00,0.00,12.50,0.00,83.70,'2025-06-14 11:13:55'),(145,2,'2025-06-04','汉生食品（漱旧）','汉生食品（漱旧）\n1升绿茶1件24\n2升鲜橙多1件43',67.00,2.50,0.00,0.00,4.00,0.00,-1.50,'2025-06-14 11:14:10'),(146,2,'2025-06-04','礼兴（漱旧）','礼兴（漱旧）\n500青梅1件31.5\n1升绿茶1件24\n1升金桔1件24\n1升水晶葡萄1件24\n1升海之言柠檬1件35\n小茗同学青柠红茶1件56',194.50,8.00,0.00,0.00,9.50,0.00,-1.50,'2025-06-14 11:14:31'),(147,2,'2025-06-04','好生活（漱旧）','好生活（漱旧）\n500绿茶1件31.5\n500双萃1件31.5\n500海之言西柚1件44\n1升茉莉蜜茶1件24\n1升蜜桃多1件24\n1升红茶1件24\n1.5阿萨姆1件52\n共7件\n5月陈列费144元+1件1升绿茶',231.00,9.50,144.00,0.00,12.00,0.00,141.50,'2025-06-14 11:15:01'),(148,2,'2025-06-03','欣客隆（漱新）','欣客隆（漱新）\n阿萨姆2件44.5\n2升鲜橙多2件43\n1升海之言柠檬1件35',210.00,5.90,0.00,0.00,8.00,0.00,-2.10,'2025-06-14 11:18:42'),(149,2,'2025-06-03','永福（漱新）','永福（漱新）\n500海之言柠檬1件44\n500焕神1件45\n500雪梨1件31.5\n500金桔1件31.5\n500绿茶1件31.5\n500青梅1件31.5\n1升茉莉蜜茶1件24\n1升绿茶2件24\n1升雪梨1件24\n1升焕神2件35\n2升鲜橙多1件52\n共14件\n5月陈列费200元',433.00,21.50,200.00,0.00,17.00,0.00,204.50,'2025-06-14 11:25:28'),(150,2,'2025-06-03','怡和（漱新）','怡和（漱新）\n共6件\n500阿萨姆3件44.5\n1升金桔2件24\n1升红茶1件24',205.50,5.10,0.00,0.00,10.50,0.00,-5.40,'2025-06-14 11:26:13'),(151,2,'2025-06-03','利民（漱新）','利民（漱新）\n共4件\n450鲜橙多1件36\n1升红茶1件24\n1升雪梨1件24\n1.5阿萨姆1件52',136.00,5.80,0.00,0.00,7.00,0.00,-1.20,'2025-06-14 11:27:00'),(152,2,'2025-06-03','美嘉（黄泥塘）','美嘉（黄泥塘）\n希蒂大红袍1件56\n500春拂绿茶1件43\n450鲜橙多1件36\n500青梅1件31\n500双萃1件31\n1升青梅2件24\n1升绿茶2件24\n1升海之言柠檬1件35\n共10件\n5月陈列费84元+1件1升绿茶',328.00,15.30,84.00,0.00,15.00,0.00,84.30,'2025-06-14 11:28:42'),(153,2,'2025-06-03','鸿建（黄泥塘）','鸿建（黄泥塘）\n共2件\n500阿萨姆1件44\n茉莉奶绿1件44',88.00,1.40,0.00,0.00,4.00,0.00,-2.60,'2025-06-14 11:29:25'),(154,2,'2025-06-03','幸福万家（黄泥塘）','幸福万家（黄泥塘）\n共2件\n1升焕神2件35',70.00,6.00,0.00,0.00,2.00,0.00,4.00,'2025-06-14 11:29:47'),(155,2,'2025-06-03','姚记（黄泥塘）','姚记（黄泥塘）\n500阿萨姆2件44.5\n1升青梅1件24\n1升茉莉蜜茶1件24\n1升红茶1件24\n1升酸梅汤1件24\n1升蜜桃多2件24\n1升海之言柠檬1件35\n1升焕神1件35\n1.5阿萨姆1件52\n共11件\n5月陈列费120元',355.00,14.40,120.00,0.00,19.00,0.00,115.40,'2025-06-14 11:31:20'),(156,2,'2025-06-03','新广源（漱新）','新广源（漱新）\n500阿萨姆2件44.5\n茉莉奶绿1件44.5\n500海之言柠檬1件44\n450鲜橙多1件36\n500金桔1件31\n500双萃1件31\n1升焕神1件35\n共8件\n5月陈列费60元',310.50,10.40,60.00,0.00,11.50,0.00,58.90,'2025-06-14 11:32:32'),(157,2,'2025-06-03','爱百惠（漱旧）','爱百惠（漱旧）\n500阿萨姆5件44\n500绿茶3件31\n500红茶1件31\n1升金桔2件24\n1升绿茶4件24\n1升红茶3件24\n1升雪梨2件24\n1升酸梅汤1件24\n1升海之言柠檬2件35\n2升鲜橙多1件43\n共24件\n减返44元\n5月陈列费224元+1件1升绿茶',791.00,24.00,224.00,0.00,44.00,0.00,204.00,'2025-06-14 11:35:09'),(158,2,'2025-06-03','三加五（漱新）','三加五（漱新）\n共2件，500绿茶1件31.5\n1升绿茶1件24',55.50,2.00,0.00,0.00,3.50,0.00,-1.50,'2025-06-14 11:36:56'),(159,2,'2025-06-03','鸿豪（漱新）','鸿豪（漱新）\n500春拂绿茶1件43\n500雪梨1件31\n500绿茶1件31\n500红茶1件31\n500青梅1件31\n1升青梅1件24\n1升茉莉蜜茶1件24\n1升酸梅汤1件24\n1升水晶葡萄1件24\n1升蜜桃多1件24\n1.5阿萨姆1件52\n共11件\n5月陈列费144元+1件1升红茶\n扣旧货查理王乌龙1瓶（扣3.5元）',339.00,14.50,144.00,3.50,20.00,0.00,135.00,'2025-06-14 11:38:36'),(160,2,'2025-06-03','丰盛（漱新）','丰盛（漱新）\n1升金桔2件24\n900春拂焙茶1件35\n900海之言西柚1件35\n扣旧货2元\n共4件\n',118.00,6.50,0.00,2.00,6.00,0.00,-1.50,'2025-06-14 11:41:41'),(162,2,'2025-06-03','嘉利（漱新）','嘉利（漱新）\n500阿萨姆1件45\n茉莉奶绿1件45\n500海之言柠檬1件44\n450鲜橙多1件36\n1升酸梅汤1件24\n1升柠檬水1件24\n1.5阿萨姆1件52\n2升红茶1件35\n2升绿茶1件35\n罐鲜橙多1件38\n共10件\n5月陈列费150元',378.00,12.70,150.00,0.00,16.00,0.00,146.70,'2025-06-14 11:44:16'),(163,2,'2025-06-03','永盛生活超市（漱新）','永盛生活超市（漱新）\n500阿萨姆1件44\n茉莉奶绿1件44\n500绿茶1件31.5\n1升金桔1件24\n1升绿茶2件24\n1升水晶葡萄1件24\n共7件\n5月陈列费80元',215.50,6.40,80.00,0.00,13.50,0.00,72.90,'2025-06-14 11:45:13'),(164,2,'2025-06-03','乐大家（漱新）','乐大家（漱新）\n500阿萨姆1件45\n500海之言西柚1件44\n450鲜橙多1件36\n500酸梅汤1件31.5\n1升金桔1件24\n1升青梅1件24\n1升绿茶2件24\n1升红茶1件24\n1升雪梨1件24\n1升水晶葡萄1件24\n900春拂焙茶1件24\n900春拂绿茶1件24\n900海之言西柚1件35\n1升焕神1件35\n2升鲜橙多1件35\n2升红茶1件35\n共17件\n6月陈列费150元',512.50,24.00,150.00,0.00,56.50,0.00,117.50,'2025-06-14 11:47:52'),(165,2,'2025-06-02','耀兴隆（元江元）','耀兴隆（元江元）\n500春拂焙茶1件43\n1升红茶1件24\n1升蜜桃多1件24\n1升金桔1件24\n1升茉莉蜜茶1件24',139.00,6.50,0.00,0.00,8.00,0.00,-1.50,'2025-06-14 11:51:06'),(166,2,'2025-06-02','常联百货（元江元）','常联百货（元江元）\n500阿萨姆3件44.5\n500双萃1件31.5\n1升酸梅汤1件24\n1升青梅1件24\n1升焕神1件35\n1升海之言柠檬1件35\n1.5阿萨姆1件52\n共9件\n5月陈列费150元',335.00,12.60,150.00,0.00,14.00,0.00,148.60,'2025-06-14 11:51:23'),(168,2,'2025-06-02','全星百货（元江元）','全星百货（元江元）\n煎茶奶绿1件44.5\n500双萃5件31\n小茗同学桃桃芭乐乌龙茶1件56\n1升蜜桃多1件24\n1升柠檬水1件24\n2升鲜橙多1件43\n共10件\n5月陈列费80元',346.50,13.70,80.00,0.00,18.50,0.00,75.20,'2025-06-14 11:52:58'),(169,2,'2025-06-02','兴中生活超市（元江元）','兴中生活超市（元江元）\n500阿萨姆5件\n500绿茶1件\n1升雪梨1件24\n1升青梅1件24\n1升绿茶2件24\n1升焕神1件35\n900海之言西柚1件35\n900春拂焙茶1件35\n2升绿茶1件35\n共14件\n5月陈列费174元+1件1升绿茶',499.00,17.00,174.00,0.00,13.00,0.00,178.00,'2025-06-14 11:53:19'),(170,2,'2025-06-02','惠源生活超市（元江元）','惠源生活超市（元江元）\n500阿萨姆1件44.5\n450鲜橙多1件36\n500双萃1件31.5\n1升青梅1件24\n罐鲜橙多1件38\n1升焕神1件35\n1.5阿萨姆1件52\n5月陈列45元',261.00,12.00,45.00,0.00,11.00,0.00,46.00,'2025-06-14 11:53:44'),(171,2,'2025-06-02','八八（元江元）','八八（元江元）\n500阿萨姆2件45\n1升红茶1件24',114.00,2.40,0.00,0.00,4.00,0.00,-1.60,'2025-06-14 11:53:59'),(172,2,'2025-06-02','莱保生活超市（元江元）','莱保生活超市（元江元）\n共7件\n500金桔1件31.5\n500双萃1件31.5\n1升金桔1件24\n1升绿茶1件24\n1升酸梅汤1件24\n1升水晶葡萄1件24\n2升鲜橙多1件43',202.00,8.00,0.00,0.00,13.00,0.00,-5.00,'2025-06-14 11:55:09'),(173,2,'2025-06-02','标全百货（元江元）','标全百货（元江元）\n1升红茶1件24\n1升绿茶1件24\n2升鲜橙多2件43',134.00,5.00,0.00,0.00,8.00,0.00,-3.00,'2025-06-14 11:55:21'),(174,2,'2025-06-02','陆发（元江元）','陆发（元江元）\n500双萃1件31\n500海之言柠檬1件44',75.00,3.00,0.00,0.00,3.00,0.00,0.00,'2025-06-14 11:55:35'),(175,2,'2025-06-02','万利来（元江元）','万利来（元江元）\n500阿萨姆1件45\n1升水晶葡萄1件24\n1升绿茶1件24\n1升红茶1件24\n1升酸梅汤1件24\n1升海之言柠檬1件36\n5月陈列费120元\n扣旧货白桃观音1瓶（扣3元）',177.00,6.20,120.00,3.00,9.00,0.00,114.20,'2025-06-14 11:56:10'),(176,2,'2025-06-02','人人乐（元江元）','人人乐（元江元）\n500阿萨姆1件45\n500春拂绿茶1件43\n希蒂大红袍1件56\n希蒂玫瑰味1件56\n茉莉奶绿1件45\n1升蜜桃多1件24\n1升柠檬水1件24\n1升水晶葡萄1件24\n1升焕神1件35\n1升海之言柠檬1件35\n共10件\n5月陈列费154元+1升绿茶1件',387.00,17.40,154.00,0.00,12.00,0.00,159.40,'2025-06-14 11:56:39'),(177,2,'2025-06-02','雪糕批发（元江元）','雪糕批发（元江元）\n共8件\n500阿萨姆2件44.5\n500海之言西柚1件44\n450鲜橙多1件36\n500绿茶1件31.5\n1升青梅1件24\n1升绿茶2件24',272.50,8.20,0.00,0.00,12.50,0.00,-4.30,'2025-06-14 11:57:40'),(178,2,'2025-06-02','阿发百货（元江元）','阿发百货（元江元）\n1升红茶1件24\n1升金桔1件24\n1升水晶葡萄1件24',72.00,3.00,0.00,0.00,6.00,0.00,-3.00,'2025-06-14 11:57:54'),(179,2,'2025-06-02','爱来（元江元）','爱来（元江元）\n500双萃1件31\n1升红茶1件24\n1升蜜桃多1件24\n1升焕神1件35',114.00,6.50,0.00,0.00,7.00,0.00,-0.50,'2025-06-14 11:58:06'),(180,2,'2025-06-02','灵点（元江元）','灵点（元江元）\n500阿萨姆2件44\n500春拂绿茶1件件43\n500绿茶1件31\n1升金桔1件24\n1升酸梅汤1件24\n1升水晶葡萄1件24\n1.5阿萨姆1件52\n2升鲜橙多1件43\n共9件\n5月陈列费150元',329.00,11.90,150.00,0.00,16.00,0.00,145.90,'2025-06-14 11:58:18'),(181,2,'2025-06-02','惠壹（元江元）','惠壹（元江元）\n茉莉奶绿1件44.5\n500雪梨1件31.5\n1升红茶1件24\n1升青梅1件24\n1升蜜桃多1件24\n1升酸梅汤1件24\n1升雪梨1件24\n1.5阿萨姆1件52\n2升鲜橙多1件43\n共9件\n5月陈列费80元',291.00,10.70,80.00,0.00,17.00,0.00,73.70,'2025-06-14 11:58:34'),(182,2,'2025-06-02','志远（元江元）','志远（元江元）\n希蒂大红袍1件56\n500金桔1件31.5\n450鲜橙多1件36\n500海之言柠檬1件44\n1升雪梨1件24\n1升绿茶2件24\n1升焕神1件35\n1升海之言柠檬1件35\n1.5阿萨姆2件52\n2升鲜橙多1件43\n共12件\n旧货希蒂大红袍8瓶/500金桔4瓶带回办公室（扣38元）',456.50,20.80,0.00,38.00,18.50,0.00,-35.70,'2025-06-14 11:59:11'),(183,2,'2025-06-01','开心百货（朗洲）','开心百货（朗洲）\n1升绿茶3件24',72.00,3.00,0.00,0.00,6.00,0.00,-3.00,'2025-06-14 11:59:38'),(184,2,'2025-06-01','有家百货（司马）','有家百货（司马）\n500阿萨姆2件44\n500金桔1件31\n500雪梨1件31\n500绿茶1件31\n1升红茶1件24\n1升海之言柠檬1件34',239.00,6.90,0.00,0.00,14.00,0.00,-7.10,'2025-06-14 11:59:58'),(185,2,'2025-06-01','永兴便利店（司马）','永兴便利店（司马）\n500海之言柠檬1件44\n500海之言西柚1件44\n500海之言1件44',132.00,4.50,0.00,0.00,3.00,0.00,1.50,'2025-06-14 12:00:31'),(186,2,'2025-06-01','慧田百货（九江水）','慧田百货（九江水）\n1升红茶1件24\n1升海之言柠檬1件35\n1升焕神1件件35\n1升雪梨1件件24\n1升金桔1件24\n500红茶1件31.5\n500阿萨姆1件45\n500雪梨1件31.5\n5月陈列费120元',253.00,10.20,120.00,0.00,9.00,0.00,121.20,'2025-06-14 12:00:50'),(187,2,'2025-05-30','吉彩（朗洲）','吉彩（朗洲）\n450鲜橙多1件36\n900春拂绿茶1件35\n一升绿茶1件24\n一升青梅绿茶1件24\n一升茉莉蜜茶1件24\n一升雪梨1件24\n一升水晶葡萄1件24\n两升鲜橙多1件43',234.00,10.30,0.00,0.00,14.00,0.00,-3.70,'2025-06-14 12:10:22'),(188,2,'2025-05-30','环保超市（司马）','环保超市（司马）\n500阿萨姆3件44\n1升海之言柠檬2件35',202.00,5.10,0.00,0.00,8.00,0.00,-2.90,'2025-06-14 12:10:53'),(189,2,'2025-05-30','辉煌超市（司马）','辉煌超市（司马）\n500阿萨姆5件44\n450鲜橙多1件36\n500海之言西柚1件44\n1升绿茶2件24\n1升金桔1件24\n1升海之言1件件35\n1升焕神1件35\n1.5阿萨姆1件52',495.00,16.30,0.00,0.00,21.00,0.00,-4.70,'2025-06-14 12:11:07'),(190,2,'2025-05-30','珊珊百货（司马）','珊珊百货（司马）\n1升绿茶1件24\n1升金桔2件24',72.00,3.00,0.00,0.00,6.00,0.00,-3.00,'2025-06-14 12:11:20'),(191,2,'2025-05-30','自选快餐（司马）','自选快餐（司马）\n500阿萨姆1件45\n茉莉奶绿1件45\n500海之言柠檬1件44\n1升红茶4件24\n1升绿茶2件24\n1升金桔1件24\n1升焕神1件35',337.00,12.90,0.00,0.00,18.00,0.00,-5.10,'2025-06-14 12:11:49'),(192,2,'2025-05-30','源兴便利店（司马）','源兴便利店（司马）\n500阿萨姆2件44\n1升绿茶2件24',136.00,3.40,0.00,0.00,8.00,0.00,-4.60,'2025-06-14 12:12:03'),(193,2,'2025-05-30','建康百货（司马）','建康百货（司马）\n500阿萨姆4件44.5\n白桃观音1件44.5\n500海之言西柚1件44\n500绿茶1件31.5\n1升红茶1件24\n1升绿茶1件24\n1升雪梨1件24\n1升茉莉蜜茶1件24\n1升双萃1件24\n1升金桔1件24\n900海之言西柚1件35\n900春拂焙茶1件35\n',512.00,16.50,0.00,0.00,24.00,0.00,-7.50,'2025-06-14 12:12:35'),(194,2,'2025-05-30','事成生活超市（司马）','事成生活超市（司马）\n500阿萨姆2件44.5\n1升绿茶2件24\n1升茉莉蜜茶1件24\n1升雪梨1件24\n1升焕神1件35\n1升海之言柠檬1件35\n罐鲜橙多1件38',293.00,11.90,0.00,0.00,15.00,0.00,-3.10,'2025-06-14 12:14:12'),(195,2,'2025-05-30','常润丰（司马）','常润丰（司马）\n500阿萨姆5件\n500海之言柠檬1件\n1升金桔1件\n1升茉莉蜜茶2件\n1升红茶1件\n1升雪梨1件\n1升柠檬水1件\n罐鲜橙多1件\n共13件\n减返20元',471.00,13.00,0.00,0.00,20.00,0.00,-7.00,'2025-06-14 12:15:37'),(196,2,'2025-06-14','快乐嘀嗒（司马）','快乐嘀嗒（司马）\n900春拂绿茶2件35\n1升金桔1件24\n1升双萃1件24\n1升绿茶2件24\n共6件',166.00,9.00,0.00,0.00,10.00,0.00,-1.00,'2025-06-14 21:17:59'),(197,2,'2025-06-14','佳佳福（九江水）','佳佳福（九江水）\n500阿萨姆2件44.5\n青提茉莉1件44.5\n450鲜橙多1件36\n1升水晶葡萄1件24\n1升雪梨1件24\n1升双萃1件24\n1升金桔1件24\n1升青梅1件24\n5月阿萨姆陈列24元1件1升绿茶',289.50,8.40,24.00,0.00,15.50,0.00,16.90,'2025-06-14 21:18:34'),(198,2,'2025-06-14','吉星优选（九江水）','吉星优选（九江水）\n500阿萨姆2件45\n500绿茶1件31.5\n1升金桔1件24\n1升绿茶1件24\n1升水晶葡萄1件24',193.50,5.40,0.00,0.00,9.50,0.00,-4.10,'2025-06-14 21:18:47'),(199,2,'2025-06-14','鸿志（朗洲）','鸿志（朗洲）\n500阿萨姆1件44.5\n500春拂焙茶1件43\n500海之言柠檬1件44\n1升海之言柠檬1件35',166.50,6.20,0.00,0.00,3.50,0.00,2.70,'2025-06-14 21:18:58'),(200,2,'2025-06-14','万愿福（朗洲）','万愿福（朗洲）\n500春拂焙茶1件43\n900春拂焙茶1件35\n500红茶1件31\n1升水晶葡萄1件24\n1升焕神1件35\n2升绿茶2件35',238.00,12.00,0.00,0.00,10.00,0.00,2.00,'2025-06-14 21:19:17'),(201,2,'2025-06-14','美盛（朗洲）','美盛（朗洲）\n1升绿茶1件24\n1升海之言柠檬2件35',94.00,4.00,0.00,0.00,4.00,0.00,0.00,'2025-06-14 21:19:35'),(202,2,'2025-06-14','喜满慧佳（朗洲）','喜满慧佳（朗洲）\n500绿茶1件31.5\n1升双萃2件24\n1升金桔1件24',103.50,4.00,0.00,0.00,7.50,0.00,-3.50,'2025-06-14 21:21:20'),(203,2,'2025-06-14','粤湘逢（朗洲）','粤湘逢（朗洲）\n500阿萨姆15件46\n500绿茶1件31\n1升蜜桃多1件24\n1升双萃2件24\n1升青梅2件24\n1升雪梨1件24\n1升金桔2件24\n罐蜜桃多1件38\n罐鲜橙多1件38\n5月陈列费213元+1件绿茶\n500绿茶1件',1022.00,24.50,213.00,0.00,22.00,0.00,215.50,'2025-06-14 22:51:38'),(204,2,'2025-06-14','乐淘天猫小店（九江水）','乐淘天猫小店（九江水）\n500春拂焙茶1件43\n希蒂玫瑰味1件56\n1升金桔1件24\n1升水晶葡萄2件24\n扣旧货2升鲜橙多4瓶（扣29元）',171.00,8.50,0.00,29.00,7.00,0.00,-27.50,'2025-06-14 22:51:58');
/*!40000 ALTER TABLE `orders` ENABLE KEYS */;
UNLOCK TABLES;

--
-- Table structure for table `products`
--

DROP TABLE IF EXISTS `products`;
/*!40101 SET @saved_cs_client     = @@character_set_client */;
/*!50503 SET character_set_client = utf8mb4 */;
CREATE TABLE `products` (
  `id` int NOT NULL AUTO_INCREMENT,
  `name` varchar(100) COLLATE utf8mb4_unicode_ci NOT NULL,
  `unit_price` decimal(10,2) NOT NULL,
  `commission_per_item` decimal(10,2) NOT NULL,
  `created_at` datetime DEFAULT CURRENT_TIMESTAMP,
  `updated_at` datetime DEFAULT CURRENT_TIMESTAMP,
  PRIMARY KEY (`id`),
  UNIQUE KEY `name` (`name`)
) ENGINE=InnoDB AUTO_INCREMENT=58 DEFAULT CHARSET=utf8mb4 COLLATE=utf8mb4_unicode_ci;
/*!40101 SET character_set_client = @saved_cs_client */;

--
-- Dumping data for table `products`
--

LOCK TABLES `products` WRITE;
/*!40000 ALTER TABLE `products` DISABLE KEYS */;
INSERT INTO `products` VALUES (2,'310ml罐装红茶',40.00,2.00,'2025-06-06 14:38:42','2025-06-06 14:38:42'),(3,'310ml罐装绿茶',40.00,2.00,'2025-06-06 14:38:42','2025-06-06 14:38:42'),(4,'500冰红茶',33.00,1.00,'2025-06-06 14:38:42','2025-06-06 14:38:42'),(5,'500绿茶',33.00,1.00,'2025-06-06 14:38:42','2025-06-06 14:38:42'),(6,'1L冰红茶',26.00,1.00,'2025-06-06 14:38:42','2025-06-06 14:38:42'),(7,'1L绿茶',26.00,1.00,'2025-06-06 14:38:42','2025-06-06 14:38:42'),(8,'2L红茶',37.00,1.00,'2025-06-06 14:38:42','2025-06-06 14:38:42'),(9,'2L绿茶',37.00,1.00,'2025-06-06 14:38:42','2025-06-06 14:38:42'),(10,'500春拂绿茶',43.00,2.50,'2025-06-06 14:38:42','2025-06-06 14:38:42'),(11,'500春拂焙茶',43.00,2.50,'2025-06-06 14:38:42','2025-06-06 14:38:42'),(12,'900/1L春拂绿茶',36.00,2.50,'2025-06-06 14:38:42','2025-06-06 14:38:42'),(13,'900/1L春拂焙茶',36.00,2.50,'2025-06-06 14:38:42','2025-06-06 14:38:42'),(14,'500青梅绿茶',33.00,1.50,'2025-06-06 14:38:42','2025-06-06 14:38:42'),(15,'1L青梅绿茶',26.00,1.00,'2025-06-06 14:38:42','2025-06-06 14:38:42'),(16,'罐青梅',40.00,2.00,'2025-06-06 14:38:42','2025-06-06 14:38:42'),(17,'420ml茶里王',53.00,4.00,'2025-06-06 14:38:42','2025-06-06 14:38:42'),(18,'500双萃',33.00,1.50,'2025-06-06 14:38:42','2025-06-06 14:38:42'),(19,'1L双萃',26.00,1.00,'2025-06-06 14:38:42','2025-06-06 14:38:42'),(20,'500茉莉蜜茶',33.00,1.50,'2025-06-06 14:38:42','2025-06-06 14:38:42'),(21,'1L茉莉蜜茶',26.00,1.00,'2025-06-06 14:38:42','2025-06-06 14:38:42'),(22,'310ml罐装金桔柠檬',40.00,2.00,'2025-06-06 14:38:42','2025-06-06 14:38:42'),(23,'500金桔柠檬',33.00,1.00,'2025-06-06 14:38:42','2025-06-06 14:38:42'),(24,'1L金桔柠檬',26.00,1.00,'2025-06-06 14:38:42','2025-06-06 14:38:42'),(25,'1.5L金桔',37.00,2.00,'2025-06-06 14:38:42','2025-06-06 14:38:42'),(26,'500酸梅汤',33.00,1.00,'2025-06-06 14:38:42','2025-06-06 14:38:42'),(27,'1L酸梅汤',26.00,1.00,'2025-06-06 14:38:42','2025-06-06 14:38:42'),(28,'500冰糖雪梨',33.00,1.00,'2025-06-06 14:38:42','2025-06-06 14:38:42'),(29,'1L冰糖雪梨',26.00,1.00,'2025-06-06 14:38:42','2025-06-06 14:38:42'),(30,'450鲜橙多',37.00,1.30,'2025-06-06 14:38:42','2025-06-06 14:38:42'),(31,'2L鲜橙多',45.00,1.50,'2025-06-06 14:38:42','2025-06-06 14:38:42'),(32,'罐鲜橙多',40.00,2.00,'2025-06-06 14:38:42','2025-06-06 14:38:42'),(33,'1L蜜桃多',26.00,1.00,'2025-06-06 14:38:42','2025-06-06 14:38:42'),(34,'1L水晶葡萄',26.00,1.00,'2025-06-06 14:38:42','2025-06-06 14:38:42'),(35,'500海之言柠檬',45.00,1.50,'2025-06-06 14:38:42','2025-06-06 14:38:42'),(36,'1L海之言柠檬',36.00,1.50,'2025-06-06 14:38:42','2025-06-06 14:38:42'),(37,'900海之言西柚',36.00,2.00,'2025-06-06 14:38:42','2025-06-06 14:38:42'),(38,'1L柠檬水',26.00,1.00,'2025-06-06 14:38:42','2025-06-06 14:38:42'),(39,'250ml统一奶茶',40.00,1.50,'2025-06-06 14:38:42','2025-06-06 14:38:42'),(40,'500阿萨姆',46.00,0.70,'2025-06-06 14:38:42','2025-06-06 14:38:42'),(41,'1.5L阿萨姆奶茶',54.00,2.50,'2025-06-06 14:38:42','2025-06-06 14:38:42'),(42,'300ml阿萨姆奶茶',40.00,2.40,'2025-06-06 14:38:42','2025-06-06 14:38:42'),(43,'450希蒂大红袍',57.00,3.00,'2025-06-06 14:38:42','2025-06-06 14:38:42'),(44,'450ml小茗同学',57.00,2.00,'2025-06-06 14:38:42','2025-06-06 14:38:42'),(45,'570ml ALKAQUA爱夸',40.00,1.00,'2025-06-06 14:38:42','2025-06-06 14:38:42'),(46,'500焕神',45.00,4.00,'2025-06-06 14:38:42','2025-06-06 14:38:42'),(47,'1L焕神',36.00,3.00,'2025-06-06 14:38:42','2025-06-06 14:38:42'),(48,'310ml罐装仙草',72.00,2.00,'2025-06-06 14:38:42','2025-06-06 14:38:42'),(49,'茉莉奶绿',46.00,0.70,'2025-06-06 21:47:28','2025-06-06 21:47:28'),(50,'青提茉莉',46.00,0.70,'2025-06-06 21:47:58','2025-06-06 21:47:58'),(51,'煎茶奶绿',46.00,0.70,'2025-06-06 21:49:20','2025-06-06 21:49:20'),(52,'白桃观音',46.00,0.70,'2025-06-06 21:49:20','2025-06-06 21:49:20'),(54,'岩盐芝士',46.00,0.70,'2025-06-06 21:49:38','2025-06-06 21:49:38'),(55,'450希蒂玫瑰味',57.00,3.00,'2025-06-06 21:51:06','2025-06-06 21:51:06'),(56,'500海之言西柚',45.00,1.50,'2025-06-06 23:27:51','2025-06-06 23:27:51'),(57,'罐蜜桃多',40.00,2.00,'2025-06-14 09:48:55','2025-06-14 09:48:55');
/*!40000 ALTER TABLE `products` ENABLE KEYS */;
UNLOCK TABLES;

--
-- Table structure for table `users`
--

DROP TABLE IF EXISTS `users`;
/*!40101 SET @saved_cs_client     = @@character_set_client */;
/*!50503 SET character_set_client = utf8mb4 */;
CREATE TABLE `users` (
  `id` int NOT NULL AUTO_INCREMENT,
  `username` varchar(50) COLLATE utf8mb4_unicode_ci NOT NULL,
  `password_hash` varchar(255) COLLATE utf8mb4_unicode_ci NOT NULL,
  `created_at` datetime DEFAULT CURRENT_TIMESTAMP,
  `updated_at` datetime DEFAULT CURRENT_TIMESTAMP,
  PRIMARY KEY (`id`),
  UNIQUE KEY `username` (`username`)
) ENGINE=InnoDB AUTO_INCREMENT=3 DEFAULT CHARSET=utf8mb4 COLLATE=utf8mb4_unicode_ci;
/*!40101 SET character_set_client = @saved_cs_client */;

--
-- Dumping data for table `users`
--

LOCK TABLES `users` WRITE;
/*!40000 ALTER TABLE `users` DISABLE KEYS */;
INSERT INTO `users` VALUES (1,'testuser','$2b$12$jWj11tjV2vBQD.MIXTTry.W63Ne/KDXaMS4ttZNqbnrQNHKyTfVcC','2025-06-06 11:42:28','2025-06-12 15:22:34'),(2,'刘俊豪','$2b$12$SElCQ35f.HirlS9UzL8Kk.aFiUsdFlx5/W/ZBOiKJnNM5Ewi/ebnm','2025-06-12 16:42:43','2025-06-12 16:42:43');
/*!40000 ALTER TABLE `users` ENABLE KEYS */;
UNLOCK TABLES;
/*!40103 SET TIME_ZONE=@OLD_TIME_ZONE */;

/*!40101 SET SQL_MODE=@OLD_SQL_MODE */;
/*!40014 SET FOREIGN_KEY_CHECKS=@OLD_FOREIGN_KEY_CHECKS */;
/*!40014 SET UNIQUE_CHECKS=@OLD_UNIQUE_CHECKS */;
/*!40101 SET CHARACTER_SET_CLIENT=@OLD_CHARACTER_SET_CLIENT */;
/*!40101 SET CHARACTER_SET_RESULTS=@OLD_CHARACTER_SET_RESULTS */;
/*!40101 SET COLLATION_CONNECTION=@OLD_COLLATION_CONNECTION */;
/*!40111 SET SQL_NOTES=@OLD_SQL_NOTES */;

-- Dump completed on 2025-06-15 21:37:04
